200 100
1521881    548827  1336441 460234  49730   485422  1332565 72851   1271758 1267150 1273657 1424005 735268  800418  891056  630736  693075  1083369 1361985 623395  1083912 1260965 11150   53991   908443  1506075 1330570 1035462 178403  962440  830894  1509109 1401710 645454  337905  1451440 1130876 148589  1414735 771196  1415739 1166511 563764  519569  335491  1454820 1040749 919010  1016309 880853  20524   468783  619938  1443998 522774  1418824 1318635 331463  932405  1387481 1293904 241418  1374709 1173733 777315  190733  993736  276753  229765  886590  938392  14067   421663  1502156 533636  647597  1325539 1464828 44726   710410  823801  1477574 1179193 1334182 1290135 180087  1231125 1086889 401993  532092  952490  64459   663953  695761  1128636 1331711 776938  600491  86583   897146  1377524
1479775    152607  708713  311577  161692  1307441 957006  19729   239179  440277  625850  13620   397698  696465  9901    11476   825373  1143877 996851  1248955 134146  326964  997659  1358703 294478  356104  426094  653416  1182013 1323241 1357206 1141473 1145725 586144  1453050 1307417 413811  600158  997024  322867  1040435 143099  336487  1108010 839565  16266   789364  1334815 1160143 306440  1103996 964166  633404  291757  843094  927883  317739  939066  1251176 19977   782532  1128608 831327  118359  1384629 804602  1425777 1468317 1404760 943026  311409  635297  756002  647897  263533  115792  664163  1052897 1120485 14408   1029214 414583  978574  182843  706340  341893  780603  693956  950836  552005  383811  1403245 1350490 1215138 41830   1255344 209843  1467607 1243887 1284480 600735 
1456566    1277908 1402350 587754  1223325 410921  720124  901694  641448  1429192 1292258 932775  1006038 1443509 740774  1360343 1184504 1368728 639326  426812  1124286 800488  411157  839626  714266  1297171 83916   931773  366222  339990  614983  1016772 1112534 560767  147960  373929  971688  362721  1275623 156570  335347  605951  583981  836022  592894  819392  739799  320832  731554  1379125 747644  399274  723047  653437  733536  931949  494043  312089  1358358 354901  652079  516775  1371673 1259249 1077543 1014270 176612  592665  1376991 1452235 243872  1206974 96256   322489  586430  689150  1141881 1326229 504619  1368071 1248789 746899  310779  9906    894973  538952  436492  883652  851041  338284  1238553 997756  349696  1153661 800439  1427239 711365  977051  57974   631790  467356 
1294396    534406  293474  985724  997199  491230  459525  71682   1015333 1034531 443343  1052353 411866  212946  624140  845158  352624  311208  1064039 721592  1142623 284703  1222452 1009516 710608  667013  424565  1282027 983050  704269  1222227 895322  1238676 140621  505966  941479  631852  965492  1013161 272105  624943  81425   30062   1036809 294371  573518  587572  566311  804042  276531  1287903 652270  480551  1135276 367390  1191159 507893  711272  1098107 115863  121145  945254  1011186 1279137 1085876 222756  926220  342648  1107564 564302  614753  438111  645727  564132  99841   859414  1137650 606729  131329  647297  802576  124836  5171    1283127 1260112 291877  1099207 392926  1003149 822234  508789  1043611 392408  225579  1028352 103204  367652  579493  445852  180820  1143795
1274783    734936  3685    1093637 341786  761748  74787   851566  246468  248458  513364  368700  133223  695870  767143  543585  443144  117480  583155  46334   980171  97758   968355  556104  377965  247876  802792  1193186 184534  317762  745910  282119  303622  519     626680  645408  762267  1227175 222191  1008735 200850  1261263 102652  859781  682350  120719  128583  1125494 763906  1237445 422752  995002  586128  116324  276323  964093  889907  330039  133420  1074442 647801  130254  607485  951424  130773  485090  847756  893040  437482  320872  1152699 1164039 307352  506275  749037  989702  1152702 128544  91337   641825  91207   514089  362044  677335  1156120 1164074 892352  771245  219330  1025772 1096611 118056  1156026 955020  320404  12016   165327  1168160 155980  1128516 214249 
1683114    1663718 240233  478144  1067524 1448746 7268    1155760 782427  1405160 807808  757671  1208178 1564065 1674058 867641  304906  382831  1046026 144139  851823  505476  74271   1368214 38350   233961  894958  1184899 558008  250526  1537076 241678  400946  264012  719822  1468471 29644   727091  941117  981888  449137  65811   56445   144017  1629876 47389   1181474 421484  600036  544387  565623  1451859 1049863 639894  1136960 1088214 1043671 518620  759815  1601679 769146  783593  160243  1339909 1047605 1049881 1125266 1077250 93858   383269  545840  712811  618896  602285  1026645 735474  819491  694821  1156958 1419527 1239208 209283  1188273 775774  1018993 811935  350690  379550  1330555 1110505 467931  586403  210984  628174  243198  1428406 164757  1538280 992358  258616  238435 
1037413    201117  47602   1025206 916056  872063  971950  181753  578103  688075  323159  539370  142994  590132  457747  792741  155894  632195  960300  362878  313207  473030  40597   172088  388552  675094  11496   619459  16767   951401  927416  331916  76367   975018  280971  992424  809669  176771  98026   350359  864846  421185  850992  969102  1011318 271326  685692  91061   864784  608579  453940  101840  5458    494537  235191  394010  132218  246687  1013470 110247  121937  903473  442163  159566  802340  684396  75839   574596  861167  173865  886218  649862  595051  661059  542813  530218  893647  191092  621279  721018  760933  1036481 784121  766392  493605  1019312 122989  625823  189848  99046   736070  311785  963781  102082  432613  728709  747741  508453  227154  532757  682318 
1795584    1057931 185228  656706  315072  341261  1167572 1123417 295358  745676  200903  1202113 44438   1271124 781274  1132112 723131  731919  1509490 1168784 1390274 560792  1765774 29623   421166  683544  756577  1556465 225686  554152  102593  540551  1612083 287822  1197257 131571  663899  604061  1289804 994073  1384554 1525524 435419  1463808 1001064 1216693 835153  1759011 187844  549059  1132212 1578118 1144668 1137218 1607742 1565834 59994   603551  1326715 285680  1157703 1464124 826231  1009018 1751946 262721  1175406 655078  901598  704442  1649151 490568  434382  323802  158793  1470263 1575311 993946  1433690 1763156 1577821 805134  1580506 926905  181584  1427480 697155  241578  235448  263102  527259  1427967 1727227 1388306 641402  1718405 1651027 56040   577899  757042  760482 
1893486    1413676 1338293 441861  821383  1477702 792789  1783449 309954  1888311 1941    502897  1650595 1181560 657559  728428  1842552 474726  1759944 981314  698493  717723  924211  555857  1883451 368233  291305  1113685 1686758 1855125 307062  1858117 1375315 1645355 135969  32689   959047  928758  1545614 1269001 923583  1547555 1501374 410168  835630  1888410 1138596 514172  469650  734530  1224962 897619  1181730 255688  1182952 901171  623921  1474257 1744333 146669  1165372 157909  1734263 376678  1532740 1870232 409367  598301  634980  61495   1596778 1288039 1338527 934143  1698207 280671  658543  672794  524319  857669  1407324 1749281 1755288 425044  111483  774230  1326216 464880  355002  1177063 611550  1249850 1064448 452327  1626528 703702  158549  1765371 1031479 793529  1826867
1351801    209031  1318045 483389  955746  972022  224201  967937  1080979 1142328 611413  1134517 1193300 35078   214175  143224  1076885 347341  1219435 715123  296779  879648  511418  1066840 1324838 618289  842863  166406  429261  804743  1099073 74820   1013774 1065317 558209  617720  1213679 1310552 761997  942857  1101079 549750  1253715 942579  584829  644230  262143  838054  991571  129777  729518  464691  1009425 1240936 179730  158802  1035566 198934  853350  641167  1003677 1128763 715987  1193792 18620   450537  987852  408639  937429  398048  527837  1214848 947799  429751  805626  708968  1073981 1067769 723362  1241892 373886  101079  354782  559652  518356  1062654 1246595 202121  1261588 748144  19628   89804   1053248 1263757 1283596 248208  362493  919647  1184988 476262  494036 
1462384    1151637 213122  477768  553917  923201  358093  771142  1057480 1017140 449409  666506  299101  1015298 1087721 1124100 77117   1078103 578144  1118795 1013920 438498  1353509 742957  1248751 1381662 1383574 126359  63567   336479  301008  307803  25733   514130  81635   1338098 733395  439729  1405304 1086939 752933  392329  291061  348098  1407627 674846  9815    780809  290565  1346407 437220  600550  322521  328345  1343507 108889  1006071 560762  993696  1069638 193305  590768  673505  219038  1104898 755141  853200  1134357 490934  92185   54976   539931  484514  1104486 888029  1188206 316948  897844  1265079 1365962 77932   239915  504128  400453  1326708 385251  1267790 870395  242077  799102  1236097 435383  685934  1205667 1412869 1086896 498424  803686  758869  285422  191935 
1177383    820306  171222  720592  759718  1090120 864232  995720  79794   78127   129749  391526  457860  326335  1042693 541028  138340  1141716 544800  1163267 926520  1162364 508272  10901   678333  950408  422198  472342  669042  408366  152505  577693  114233  386671  120902  936895  299409  1048078 818176  442147  11767   1010869 896618  469627  159822  761928  1010655 361106  789206  378073  346990  538343  363054  855262  612188  1104331 628288  1034386 462234  119947  328313  614739  760584  505490  1001411 944430  265002  123437  815125  1083179 628528  826892  979609  347763  182081  1139431 1172636 15353   323154  784459  456370  733089  208363  882369  410968  820551  809317  1102200 740498  94169   44764   1131755 708908  868292  522806  532936  635339  787808  719317  273082  756548 
1427560    535825  154890  1099087 1010762 677534  906406  1071999 46063   440681  475074  811525  930442  34407   346072  1372726 603854  1039634 271170  744556  1230951 677561  1147998 851061  1409415 508956  431754  918919  553946  383408  616317  1074606 485826  771207  312726  69028   1015334 1219132 707619  627989  232254  1182694 1006106 1162696 783693  1352178 674455  1387547 530844  512217  271135  334236  1189779 1419134 1185297 1171634 500530  1183643 662993  621068  1133644 1279311 268115  191910  189550  580841  260938  771476  372413  968558  966057  171259  290284  544603  900548  640569  35814   1141595 167149  566658  226252  438284  900894  1416031 429858  225223  726698  496980  975459  956283  684641  681543  808034  519348  873453  564177  1100189 700983  902245  1039194 1236133
1573916    1325810 342469  1254126 1208274 1498071 1421500 1514713 1043136 922207  845677  971960  173421  403845  1251699 1158037 592811  931799  1053408 637314  752352  1062731 169805  650276  82944   259862  427229  1546335 889939  1486880 740553  599850  576550  420798  1191753 1122600 344953  377113  1063397 725865  1299320 335158  123910  1472742 76779   1375609 394639  669590  71268   1448047 1306905 823621  936862  1476710 1473897 1019806 162656  1238903 330001  390371  489643  1070554 327998  1066193 829129  1519751 614877  1174082 322948  104358  326032  48353   439516  1361634 1521095 1427988 501103  1253510 523662  572371  1127641 1168343 1395992 1402279 1071137 633750  185945  571569  298737  515946  961941  788380  924277  1289939 1192349 179490  573550  233310  691348  896498  337668 
1538741    308030  143820  24719   84774   772403  596172  1022370 719466  28483   1423752 296636  137399  1174789 1344863 650350  1090428 1523344 154461  246814  836026  1221383 1438691 856146  251461  1280169 137841  935883  1314795 1406804 239524  943693  774881  982133  28459   1458444 215795  1223420 2120    1534049 1251903 1425873 291945  1389302 121968  696855  1099700 1212397 681458  314208  519258  577532  1535592 419208  493725  847100  160636  1230355 244243  535478  1098418 1082555 1479171 334558  525947  1507631 853049  1340531 1192310 855170  1335839 1504260 1341090 89043   414868  1463058 1384686 1514568 196761  527404  290036  716019  1104936 885675  195274  658708  194034  954698  350322  1037065 550224  508787  580880  490654  1442134 166874  1058332 756442  1507405 1310689 72871  
1678080    116634  852353  55373   1075772 898385  210057  1385859 547688  18192   751441  663616  443817  930934  405212  1270861 103260  858137  1138509 89333   437937  986673  897606  806636  629424  276543  1664858 9450    501311  1503349 858646  1295903 1619984 32920   131949  1017676 1390057 342006  725455  718417  818950  257569  162705  1262767 1188503 567918  1314300 72435   1426055 774729  161769  644664  83323   1518127 1451300 712747  116590  1438078 722197  1076654 1263348 1580844 694477  1205252 394436  826426  1003600 565165  1627184 509727  1283582 768054  1226048 1446288 811493  736472  794878  447714  1267659 542853  1222443 210100  1187517 86438   50148   1419489 799186  625490  1179488 302055  24064   1223508 663571  718542  1209432 1516759 325640  993704  403844  274745  1503431
1306321    97568   162936  499484  165459  1192981 979370  54986   43658   101607  693292  279539  64674   619589  272750  694037  684910  61676   437373  279301  648038  467924  1179764 116771  1299884 827229  432082  336625  6794    520484  1008109 500758  618053  1279121 1000242 891588  1165781 781367  1054650 11194   882974  441621  290733  947648  1061210 563483  335364  547875  733236  880814  827177  183029  150493  808696  299800  144057  437680  839958  480682  444474  54122   290546  945232  780251  263346  747229  473594  230882  222275  329999  242077  1105249 771620  532810  746576  634586  1204370 1190017 1182461 739361  764510  811393  922390  1023079 421844  23945   1167136 859525  863903  449574  1303999 1026101 740120  1050987 608107  1003467 491895  1189777 36104   822247  213455 
1832082    918699  1616031 695896  248367  558010  1165085 1719517 436931  1670546 1208776 239300  191340  428290  321721  559444  610411  704901  358215  110876  360974  371483  1532395 1037102 1070804 383073  754799  279923  941130  1075993 1578852 730612  162611  1362801 1142964 127434  88729   475967  14869   242117  314431  940101  481417  505771  1368391 519594  781671  1695258 940952  1139887 1806134 1018382 1227826 1506448 223402  183004  1605977 978201  462927  715025  222113  209698  1445638 101180  1572499 756520  1777152 1377685 1232488 1508477 1619802 1263375 616496  1817675 1769147 152805  221643  435192  1564520 1162595 1575079 1255028 65351   687279  645850  288753  870284  419746  983411  1333211 1134771 921980  1259365 748327  739616  716239  1221304 684686  261842  338166  77537  
1024464    325791  317881  550115  701838  110492  1020818 660457  885832  1022490 830214  1005307 739241  375052  208331  152125  896736  83295   61930   80553   371975  969462  617393  92940   700572  751302  276632  202116  269954  640124  549377  678068  965916  867258  1021079 643290  977750  1017433 72179   632015  808355  902394  612858  523133  252982  614085  468154  125254  490277  530084  1023167 862252  267978  616096  748088  968550  135830  257     146202  405784  433277  695579  876748  167625  331269  873363  603812  284555  659229  675991  709466  443120  553921  90756   759149  806903  704842  1020199 725053  170655  525819  516653  8443    586693  108285  756531  530779  244116  549684  469877  442796  982962  140992  87977   126123  265157  754236  522831  342609  181897  174359 
1231654    1143300 133660  822550  367303  1180972 184856  91875   304695  652023  37654   660544  567338  1042786 981766  322463  1141959 1097412 635362  129259  594022  293100  1052711 179267  165733  1091765 87598   251213  410352  223993  1174814 382301  135639  597748  1204851 1023871 547066  678981  1115746 851762  99350   442674  280652  666688  253806  551692  278426  164112  938378  203062  814299  300747  496162  1156284 1000942 1182823 1016395 1088540 202382  716021  80880   666470  1098323 216519  32565   1071520 8736    1100559 1039776 413756  720667  1139126 856431  290594  1095089 1110237 131560  662789  563623  1069939 865851  667196  659960  130359  591827  429248  602456  897496  286135  94113   381864  887943  760583  769461  393736  82422   1130255 923401  1182982 938377  105503 
1777382    102770  482282  630367  1222873 778036  7700    1421074 1377607 634471  1226795 452812  353615  871190  157767  209403  1194448 1344411 780064  1093265 48029   984477  1708001 1194090 397364  471317  1298966 1521219 126693  1393929 360318  1389287 1090507 842601  1613462 535998  1620637 1214970 1550880 814670  72059   594101  861290  425674  1465291 1019057 228886  476166  586087  602758  1569431 634116  1181044 1093858 50825   1578408 1565176 943599  1322245 1285677 153954  1682563 491390  1244462 341590  327471  1374268 1556035 1542441 1147767 593324  1208309 1741868 1454614 1227791 1023586 290098  1456677 1093560 469993  1653244 885609  1104109 1056906 1573276 748742  857932  954878  1286149 1773985 463173  1440104 1272974 954564  907184  1614565 1282035 504070  1393218 640902  1245645
1977678    1524267 455394  22965   420433  390372  1956195 175854  1880604 1597762 977350  285135  948091  74020   117873  1595986 360546  11385   1750325 1650253 1715139 751795  1089880 829997  282469  1813695 257124  1307942 832843  1330060 1715361 1802506 1151310 467737  1825471 1846403 1132769 100970  44579   1035695 1698732 1296590 1320831 669145  1645270 1713364 287453  302799  1724750 334761  250034  1736871 1086556 1339914 863850  1643686 1175931 1395634 973950  305757  748016  986293  130585  1899326 1728691 253038  1768051 883782  354008  109613  216460  349722  1680863 1811951 1018867 1348455 1822297 1580981 1925914 1569369 212724  198271  1603222 1573940 1538185 489394  1239948 1011099 1885028 510880  1316856 930027  1771834 1722101 1126335 1522847 1975139 916709  703611  626129  1300982
1944690    724763  1526221 634750  1520266 1234430 612924  636301  1812643 1665241 1876459 583962  1796820 456502  1875865 14390   1466678 146900  1707441 774625  1318040 801354  1119507 1913285 1533435 1414442 1489454 1238742 202689  478999  1569308 1391013 657874  604951  81073   233451  1293494 693997  869752  615559  414549  801522  1199521 266679  712136  584808  1679871 234124  185821  1442622 462861  957973  299286  1582368 926569  1832722 506232  471333  580886  708922  404445  1604307 1554047 1062319 264568  1635120 1295770 1012174 384428  1619635 1081845 253089  1875269 1735478 1918570 642715  375597  1653751 330951  561418  1151684 247925  1519391 1450970 1830293 1900072 793114  1790638 1825518 1374001 8982    285273  1033618 1563029 801704  752298  1253459 152785  1218585 1091999 1226532
1562834    1162318 326447  1448119 534228  552466  714128  1464472 173853  949772  865758  929966  395851  749670  1181192 1377198 459019  1130072 251238  1293290 1442436 279623  519634  959339  1420119 180512  444232  695878  364553  1545382 1231452 1139494 1144866 1408167 875047  116261  248067  26341   1431001 421921  976113  584193  1351887 1371964 1184131 820513  1036596 80316   387751  1138102 1373606 267353  1417725 180674  1226692 1125279 361187  1521193 258323  725740  1503741 1340044 152668  1085773 1035645 1027715 1052302 1283713 1054056 770737  142800  317603  1354930 1344955 1539836 976228  602635  1013598 906812  990386  439135  567853  1108008 144294  748527  771866  1269573 959982  580493  1378165 122889  521400  1005643 125825  1457442 478454  1153541 797178  199333  495031  1418184
1682759    1239126 1222372 987249  913488  1445434 1378660 1078695 382084  1299850 758344  59099   816515  483883  652122  1172137 1222941 1717    1657522 1108797 68136   904158  453120  637534  708015  1057272 1350013 1372543 594738  242275  1056605 229414  1481401 596219  1216663 428966  358894  912564  1507661 457814  246491  300083  516913  1063007 500802  1169036 269221  40984   887589  1643579 866618  955725  864978  1319738 1593259 1289829 411087  1260514 979614  1005826 1219625 70296   1235240 1018267 666515  769144  1164069 742246  1398544 705807  1200060 1645035 1005890 1433810 742119  1506692 920087  1011340 1264513 1524512 972161  448372  797478  1553975 1484946 424814  1161046 213275  1402164 174737  1219101 939030  245033  771582  274538  628385  1540726 1155443 1087467 973347  178492 
1962284    110116  1433028 1372093 1204678 1755358 35514   260268  1321210 464362  1159632 121522  1423696 1300081 562210  1161379 1086983 1239302 1445443 179124  609224  1658079 358819  1470670 782833  1749223 452769  1346498 1076450 1068990 1844703 426714  1179107 570495  1053855 1638833 1580901 344418  1154149 939827  63828   351498  316397  1487525 906627  133656  686620  31326   1372958 169779  1427782 19899   1827858 1041649 745617  1865740 83637   1198387 1249954 1160087 305093  387421  841849  739248  212964  1895705 415797  1793866 1495171 824995  26457   1558999 1176493 342855  1084240 1338168 476511  1770860 1369494 1104517 1195688 90040   379464  316310  1131689 1125082 219766  1215326 361185  724768  1630462 666278  1112189 510027  1405527 580202  1660780 1076372 411784  1193667 1901367
1434076    1271315 1265336 887832  52615   97532   729495  447068  995626  1213761 861636  758770  381101  1023958 1220328 1345315 447125  158538  1149912 1314701 1319296 74163   1197591 1011224 220290  491685  423268  988710  532713  854760  1277958 1395102 20123   1109218 848859  72738   534875  144278  519806  96425   686163  709566  183320  1067265 299449  1403648 978504  74698   890310  22465   1389399 775531  96628   1152914 1114879 1079118 210523  104071  633752  71360   958831  1239834 32387   307078  243101  209370  379817  777976  353648  227747  202525  1039812 265438  1148045 1125    1327087 1117617 979629  1401785 573852  330218  1357108 677507  426846  404071  358310  71888   1376794 1224581 33765   14079   77461   1273599 46466   384539  82624   1018036 764356  188724  699808  320228 
1199494    1169406 1040808 559513  291799  619485  113643  688653  474724  587905  978265  1139506 998430  693772  646149  863064  1030358 415342  303621  878329  767419  894360  791789  160705  459788  177413  1195977 788310  131850  979367  117042  89044   949280  1157850 648557  851691  577841  372812  340850  1052565 571329  119622  992578  370265  424006  49845   843941  254870  465187  1147563 743812  843218  842429  1146213 614535  912829  934238  221630  501646  676700  811610  618688  765744  172008  577045  214808  1023699 1154886 198232  975162  1007958 769562  705396  411654  750439  1129402 461499  394887  994884  537299  342956  149814  991129  795997  906639  16783   509333  641384  238413  1010979 118590  660635  430173  884335  832643  617830  709755  267461  573223  907987  853235 
1125005    305930  871716  217525  633483  745294  1041159 212984  207489  67450   679268  937447  302635  288763  1025744 435505  759317  588888  1036053 999756  1101760 33747   968556  565208  263416  83185   781717  893012  1056148 134142  811818  928975  440073  558529  172392  99448   329715  239444  312432  688102  306894  17592   500544  609529  306355  552180  70926   91565   16064   132872  1091321 1117824 317516  1085769 708924  580932  43950   365636  499837  1100098 650675  186650  1054966 116640  896077  102353  216088  100787  492694  679417  788889  799589  697009  315325  435010  29257   867506  656834  120822  1034467 789706  87138   53178   1107222 198800  912999  714046  242750  304527  88878   368740  955202  426426  298701  1071843 197498  551952  313823  449182  1044646 993241 
1268800    537260  303177  138686  545188  325849  82444   534107  130393  526811  648263  503189  649469  1147665 888859  305955  491491  795409  1161007 1074752 964561  11395   275103  22268   1177723 944428  553517  1178601 1067145 940683  367254  101701  803896  670432  240388  80284   322233  322832  1209143 1047379 175596  588606  281768  151017  1062223 1170627 456973  879666  23188   349180  685618  987749  955327  286673  335969  190202  1231101 889486  694756  355399  561370  1062010 457100  691218  1058394 23440   771502  706580  941025  711845  485159  1116621 626403  766927  1267638 1014578 1263506 455811  1220196 17894   130944  637015  331595  1086271 923688  667565  602426  885990  288251  28382   567341  175573  416344  1024441 866791  800691  373834  964245  238471  46059   1002042
1635680    1287000 514845  1427581 840110  1083215 857967  331314  637172  354613  1197618 1241579 928000  616081  546867  435085  542539  9689    705609  572201  1188710 499582  664578  285024  996326  839189  323018  982651  1366332 824629  502294  1554794 640141  1181331 1510887 1480251 628867  897366  175885  1266039 1251979 1537695 1036130 708491  682289  1582997 1307769 1389020 121199  377698  325542  1474101 1041472 990120  287637  402118  357821  774847  1384770 88473   1599476 251384  171779  603937  1596907 46986   612701  590094  944352  952778  384645  724843  1018986 1420775 1433334 65595   1532285 1105423 1454615 181996  11633   308669  184609  1053106 1462981 472247  1619416 185122  1411286 1368506 273595  1539275 148402  609566  507532  109630  656552  1284425 863916  1600904 601524 
1576058    1108447 1561730 763485  1568300 5193    664110  1230457 195408  701160  1457213 639864  554766  1397221 148025  859359  203559  137088  331525  1542350 916907  326142  301594  826710  427533  510280  752940  1170688 239885  549     548556  882409  1108996 534228  69836   208586  1222827 1417353 546392  1418236 542455  427547  482042  204569  932116  630067  171276  1135675 1450561 1186208 209315  791411  1512350 510910  725469  1047231 128538  585757  1325268 1051829 1269712 297766  358180  802651  1515401 428017  118585  1162170 952718  664977  1004348 602521  1092524 593738  807091  448582  1223806 85715   8200    205657  379271  217515  104416  315564  1411831 829885  470143  1540370 522991  219353  1016141 216645  517120  481670  126644  456463  909687  245230  725981  969753  910207 
1389525    155790  643026  732719  624082  1200918 1147667 119529  554000  1159515 696264  324793  251038  1216512 1029768 33795   1357314 154697  1168123 677444  485845  533717  725979  289149  709183  1295318 638443  1179573 475118  591737  277574  405704  747527  253077  470900  704087  786473  229043  156093  1340473 721035  184834  997743  972073  733824  637987  1005868 701613  125161  784466  711534  1333008 650661  47989   954634  1359844 1343307 203552  482369  428900  127766  92420   167081  207771  345498  637982  244335  1131971 867025  400428  415396  920537  585262  23615   503085  1319086 1383604 841431  1353176 841242  958374  7663    784726  219510  55652   1071837 911831  731436  607867  726677  492814  735633  151575  659895  275881  1219075 1297877 520216  961521  107854  920644 
1557856    373576  943225  945265  948157  578448  308922  972771  330339  901856  846537  923996  571227  1462495 497917  1484264 1163686 657090  1045622 669195  6534    1539904 988523  707153  822682  1207143 284644  1334969 6800    463994  601919  215979  79490   1545144 1161245 269567  1365513 712087  1242338 937772  855863  1330796 1103688 1427090 1235435 843525  1353499 83185   1500615 841265  1552156 1507150 65233   982823  1456223 887916  632110  183011  665029  1438686 1446781 1266948 96810   1526272 496157  499975  237983  1103590 453982  1480322 483506  1309846 495182  829114  1179080 972537  114783  974723  1055722 57542   1057909 1050023 806612  1123142 1274766 704979  1252978 1148797 129911  360151  1029627 18836   869020  368357  1545108 607097  868332  1025012 952607  564235  947478 
1906398    361409  1439522 368429  1046637 1085635 1074116 1465055 1177607 949306  63048   646864  882123  1684352 1296537 174270  1104317 228130  308427  1272230 912067  663132  1812130 487397  1763404 316345  805063  491144  427952  872594  37070   449839  354503  1476592 1845166 1401141 655829  1012884 80298   953937  55793   143346  1600801 937916  948198  111440  1112186 1173015 339570  1420614 538848  372138  1204246 1471478 1886433 1061252 1787824 785098  672897  309378  778193  709967  1786116 1132696 280162  1724884 1654337 56491   831371  1734635 1010428 7664    998481  1731730 945580  1067180 1843170 1178266 333797  1303241 1719380 1899543 1675379 137728  1464624 1655414 1198981 1346050 1561012 992378  775928  432807  1702345 655646  1565504 1103007 474133  433943  1159499 426004  1289079
1511408    1217124 309350  66015   85176   859372  807706  1089046 217122  880277  898767  1010041 1366038 1085461 52497   434680  66546   1028289 1479922 91282   281632  445640  905720  1377972 171916  724441  460097  1490507 1498746 1204627 556544  43830   1137463 1093015 336965  1449759 440979  1371791 1027398 658101  967780  641877  383855  822410  443050  663472  1257090 736717  407474  1452725 827999  689106  386957  449431  555670  558873  1173873 1242888 765092  1388331 936107  1321637 147873  562163  1130364 711959  500514  59935   572342  243624  945157  28715   1112621 44724   1078245 44264   708196  823928  780981  1115670 992365  324692  293368  1379322 1001244 1076159 653907  663709  807639  1418999 767752  459458  1456348 1142746 1248741 1075304 343297  464968  1135240 1142759 708592 
1425164    855474  2986    886817  1323960 1189898 1255037 966948  1130639 387192  726241  9511    1250156 980211  1010127 141007  1020082 825044  572058  1031745 1156249 1068321 881890  752751  284638  883782  840540  171650  973862  1118455 639435  329575  548766  880921  1216392 447562  645655  1284766 1414510 589630  485294  954087  837641  310286  509134  422605  689794  104052  1247649 75188   1374297 1217234 1143509 1069523 544821  241484  766642  1385361 413134  553840  1317153 1291069 883416  440755  746826  913144  1126817 205817  772746  1354663 795447  1258040 883586  207925  381663  206056  630530  1071457 310108  691515  1146645 497741  483586  864991  142101  1028407 1344975 908743  1227105 571445  37419   1119094 437351  1159335 373185  1422677 647316  74838   203331  1420062 4337   
1755685    1279960 1556283 958402  1722141 355131  1066635 1479495 1532194 1236517 441510  922408  648072  730336  57652   1419113 1177269 1029991 43034   743852  1191525 347216  1666678 236723  756313  353413  628667  817851  200039  1600251 1420718 972461  1124526 940423  1649970 810089  1014661 680028  253006  510277  160860  694516  1432686 808932  1143960 1209445 191467  565544  202859  1709294 1028503 1394384 300825  939496  1350214 1057139 1012017 223197  119305  931163  1542555 1259131 1622731 630503  162976  1517017 1440592 1177638 160467  1693598 1407022 321327  351536  1084023 849366  1214603 256891  759940  24463   459750  713549  1052966 98449   733482  1711570 1448663 34936   687009  1390967 1629033 1618172 1177837 1132479 1204326 52655   1014563 965658  1212354 436516  845232  1150267
1710785    391239  775969  1534651 996392  1218629 843107  1400344 400897  170237  1541626 1550511 688803  1264383 1307083 1381013 718304  17119   1333808 1345359 1219698 955635  540231  1413299 31923   544069  850034  942782  389977  904456  609977  1287342 847222  937473  1111208 1395141 445317  1505842 1084701 397742  1676079 915542  1499780 205624  469140  1096078 1138165 738971  1113197 761188  373545  622110  1268350 465303  324625  1300273 1009372 1174659 83798   1399349 1630643 245302  527434  767080  1182775 1190169 451437  1179619 985227  1536138 1577361 502048  292422  1366356 707673  313089  303176  1397365 1052060 1416373 447768  977132  1590011 5333    993963  1466163 857134  292550  481564  492459  1243427 401422  737761  60076   720030  1472063 801772  1171467 492424  76214   548347 
1348191    110037  395551  1240503 603286  553671  119600  296440  1094645 474390  806788  947581  175509  452718  339518  695550  403302  213308  725420  394665  1225908 52111   1194942 530956  1022593 827547  696513  753416  743115  739697  12769   83424   849734  408320  160351  289444  1146606 464566  770499  893060  1123572 229096  492451  1299081 866429  1016584 646441  1269732 66316   208285  316206  1292224 260396  162958  659604  119414  1175120 7927    1057445 754659  747624  1254830 838083  433782  314959  1183050 907841  113375  299425  330149  1191050 74806   743860  519925  210312  262098  188319  856753  368254  254635  1249653 684461  198669  346473  1032034 858273  650502  1043578 1050815 359757  450047  634863  266396  124554  1253260 765970  1307604 812910  1063960 443454  1327674
1887592    474650  1406910 233934  683093  1639682 401694  660611  118475  1494355 769162  1548134 503328  1649384 1713393 1021144 109263  1879652 1492641 1230416 103519  1831280 582112  1788914 1143371 798045  1414724 826347  733363  1315039 998591  1055880 1789689 1113957 1885863 585191  1462095 996013  1841850 1580571 602776  723421  1837161 1702152 485213  1662963 1431753 1190524 1655023 1036802 533349  466998  980490  1711509 368320  832317  621962  1783044 1658665 1355326 1806539 1365712 1119662 1708637 592077  1117933 1002284 166581  226355  956542  455608  829131  388419  405177  1239740 1469680 180548  783901  772613  544027  1820703 1305962 1607073 1509649 1129879 87802   454375  1751842 579302  225448  1815624 498250  1591160 1643742 915343  891693  874084  30035   1654322 1696487 1582625
1807675    628731  208094  1111690 1461132 1160102 1401371 779688  859201  1445871 1511028 1460477 1016849 101319  1752417 1735292 1514098 211213  346145  1472015 191382  1360867 1760300 1408700 1720027 1075374 1242922 964859  1042745 758388  1028461 551443  1387120 1270807 1663133 1074829 623235  1291082 46843   1516688 929278  1557871 1203743 172704  1659190 1182737 134574  1399865 1393950 480719  1098457 1619584 33911   1051082 1254861 1788190 318782  690109  945374  1395779 1448497 166160  139547  1062194 1436968 1802681 329349  286780  1320340 410444  30045   476195  160640  1233788 648899  46408   643102  783473  1446273 229377  1264192 771308  75538   1332355 14715   1330400 1347122 367749  212834  484821  1763528 1695583 685234  129653  984355  348779  158911  1313704 635559  1479251 1724148
1766151    499391  1202084 104888  1293257 426345  808895  641024  1245249 1554194 735272  308549  1286492 89347   592803  1670173 954800  1147044 809921  1758004 395241  917512  1524186 1075801 982815  126195  938520  688225  1280437 1551338 688760  497491  440546  124693  602379  1733804 707007  1411275 764645  342073  1355286 1499917 650622  875627  1589264 1399393 935618  777914  780286  135356  925735  1175528 1052868 839738  485178  269532  965933  1579667 1113725 636187  1520822 36334   1133678 195218  316996  125875  318839  1179971 1537150 1083484 1522044 1282253 817250  406515  391729  796332  39757   1483315 1730214 976012  1618672 889798  385389  905389  1729536 1026535 1174922 1085286 840051  522496  111290  594723  714799  1400936 945909  1187763 1526811 1264748 601583  1453778 738049 
1573812    1051231 519289  1394295 937717  1149850 472508  751649  654769  902337  1556287 762789  786748  1540545 1532203 302562  1370667 31616   869074  371441  1306669 1362914 565579  1027072 607184  398437  556027  75098   917398  1306760 1280598 243130  784179  226076  833345  148084  571846  1305854 95654   1226616 1404111 78129   1185325 1386780 44862   1143717 885262  611449  1175333 180524  982891  104111  1543439 744390  327103  1346543 1142828 883130  1421642 1256146 1385810 1128428 1499277 596178  550424  758810  744262  1122271 1260584 35836   1544807 1090884 113966  352240  99772   928560  1495957 985034  1540010 293399  1165558 145009  1167242 331105  889399  1494345 103837  1228147 1573395 721399  910482  1385394 1045747 835947  407760  22360   790677  347942  340551  477450  1153511
1486301    1082227 1129877 251330  1193087 679051  1026561 190316  410780  504792  1229706 1054328 1102423 626255  668829  338458  965056  1339839 1004672 69484   354529  1273557 1063756 1435142 352171  264018  1136687 1379563 1321633 68389   528637  1027683 1371913 172213  1279014 1078699 1072561 1040571 4011    1483342 59062   1455014 1051369 1382782 594968  455194  234939  73723   530030  1239611 143207  884559  1026868 1428261 1054698 114035  427275  705084  7297    262608  994770  535934  25287   880382  708147  1304301 694077  294408  1079868 698088  512746  1138930 666801  299111  1035411 1261770 754306  1270350 70489   1284336 1244958 434994  682594  1006822 598251  472288  1120857 1025526 1398669 1128155 23130   907138  399085  48418   522516  1328530 87715   1216593 136637  1167584 428380 
1507278    1110088 314745  1202547 751335  731051  895739  1299502 828882  1007944 1303266 676035  994980  833218  237215  1131636 628974  183950  897166  261863  745865  1154250 28572   1082062 352150  1021470 87202   315770  81896   991031  48592   1090217 593841  750839  785487  225400  1481890 561450  405127  803494  62117   588617  359754  1444599 1421836 596969  1456459 931034  1168421 846347  1192897 407009  880822  1221469 369295  1232972 1123164 456497  41464   1205060 327752  477558  1175502 1309096 1228397 841213  414720  83233   1402663 819847  1274230 345004  1408465 126706  282325  1323023 1111177 231507  746779  772321  1465356 432398  1179330 838900  534091  41347   564594  537479  885347  993561  235262  93323   351343  290988  1402419 72463   1132201 309862  543198  1027586 1129709
1177088    1108251 271578  89380   653656  682459  313370  1046929 675902  745479  310934  127084  237811  157112  720842  933758  287467  1001245 101839  297256  1011385 195365  114403  848757  838264  92838   383078  360894  958761  940843  1155908 231867  872006  250398  321248  348574  457722  159482  920368  658488  429825  756166  310437  667636  913278  1031279 1126258 725609  380300  51010   547729  214598  948327  186997  588219  609503  981787  496162  970398  288324  259917  474082  520192  656787  249344  366304  530225  707066  525786  273505  188467  480475  1029671 23768   1148111 290726  579911  622145  541199  960211  673155  613793  699673  444394  800790  812757  1053898 130353  131831  372072  418678  1093700 846154  463734  573399  1095498 830038  1103624 150341  880688  901994 
1448318    166251  440171  1001748 136036  1092293 173023  734575  220601  439354  863779  542322  352980  239583  67344   915857  70453   550801  464308  543495  744223  62478   165603  470867  1405883 401218  564833  980077  504347  559267  1293163 1216117 725518  285017  1141493 1233500 1377310 238144  891704  521539  677498  307165  1435807 1030478 918694  54833   869963  1361094 977581  1334271 456271  645432  320377  993821  39928   277942  1395039 604761  1258020 823014  87657   1102865 962759  1185121 311510  655934  970304  612449  894078  413690  1133988 123258  1092801 1121478 77365   935123  99939   1319274 847899  1148    1205228 227799  1018527 449233  1221620 1058455 727176  91969   586844  908824  914983  674501  935317  429424  411305  1246828 1085358 305237  410959  903064  1090873
1637615    767199  243202  622697  433730  165782  17021   1126894 1053497 823010  828852  770586  141783  537612  877058  828443  67255   1576345 1248052 1586277 1298753 1290445 1217150 1545679 1572902 439280  397210  469636  69300   1294277 709     555629  1491093 1311143 607944  287209  906543  624965  1414103 322425  877592  34957   1093011 1019376 572569  1399686 1277436 639825  1338416 887873  18104   999554  1607936 664871  337235  972840  1104151 734445  1442477 603068  1458339 1443186 1158698 1311817 1116715 1196259 1028643 385643  1250841 234748  137685  490818  269705  1230696 1510194 271892  422384  579633  911717  1190417 1467506 359438  552356  867444  1024310 319208  202670  1558078 483270  7532    523532  1371226 1450718 1111847 1045428 359435  670491  1503689 174695  283717  100822 
1902927    734763  233247  1430084 55265   925972  288034  1668682 1221563 691661  425030  187283  1423827 560561  836438  1154399 982774  287216  1427220 438267  1377930 959554  114063  486192  721004  1183959 851651  129622  605338  1424982 1114756 1420840 256818  1348003 1868932 312083  1291983 1174975 77838   1531554 1866636 502869  1718838 405545  1063430 1573284 1559944 1064212 1860500 1084238 1502479 1335503 1061800 634550  839703  800812  836517  1691354 930434  1441856 1213409 142264  1880704 488236  508275  1846709 800319  818267  1118757 1799093 446894  100475  399035  262805  506020  480473  1836090 1083972 562693  1793663 265283  162245  244248  345092  1717730 101959  1145904 651321  811322  1094347 190250  1042739 254619  1088962 1530975 762894  1032744 428368  1581161 1169510 324534 
1244068    824461  277449  1016815 748300  649569  612693  1107745 36041   1097837 452714  784711  40698   692595  486321  1134696 1221729 563443  934873  398034  1151096 1105786 1060813 450691  212481  1239715 572915  548460  1176034 574186  1103142 464659  1176367 136523  15127   680599  563812  627820  544276  599853  259309  996990  1162284 77727   445517  182258  1212424 200899  745701  903229  376653  652730  764947  193399  881141  755149  189046  209988  59541   121012  561894  1162684 363392  494193  1076927 378519  1174792 396672  784059  475001  774245  1043369 5643    692462  1121096 228881  874720  1089452 207500  376353  526334  584153  806803  1069001 777552  221597  580082  744318  431585  639624  643051  771200  335960  1006443 21325   168819  140894  1196118 565491  702673  204771 
1113934    1107178 800770  93063   635903  332863  213723  337845  926003  341052  322729  787277  269728  975563  222549  444555  1030673 124356  1059200 583197  398009  1002826 571089  264190  956468  886049  494604  774690  698222  926833  132277  519753  920078  933047  612816  442047  151977  1007643 960996  145150  234762  350896  1113531 685594  212525  222147  197319  310368  527607  323689  893566  1106720 212582  531825  438080  236220  303940  932684  1010910 69333   745583  29253   589086  551727  962300  269073  60944   181447  162782  89111   326598  397544  440007  507299  150308  833636  910550  528731  30070   324223  852421  1104740 498113  132173  522632  936193  368393  1007676 754943  265369  1077009 567697  294622  733266  5490    324092  1002339 247539  505540  51187   517754 
1865054    1169868 1719507 657951  933968  768703  587954  329200  1189177 1228455 1611409 507690  1082117 378866  1321108 83016   1443819 1660376 887466  1685794 476622  1180677 700200  1035582 845579  651976  1798991 55970   433986  1354288 801364  1170954 659102  655817  1828906 786577  618026  551806  1115777 1000710 973767  862132  701906  190830  434504  157960  1332407 1071829 1011842 354819  892569  1488464 729002  786275  658992  1574581 1438251 1651489 1630552 7184    1140724 1625422 371644  993332  1474746 335496  1779909 227718  80808   1030632 421934  1054576 1086270 1123840 438912  1520774 1281800 1771319 1786109 428589  1319644 7130    1110559 1242152 793405  1769552 951680  366603  1555987 1775738 1432347 25163   1536106 1803991 1018496 1145798 1332994 933351  567023  1413802 1157490
1660466    1381962 1428930 792810  81027   1266891 8490    954852  508118  710319  1466829 1514427 420861  1638517 100840  627343  818491  1002065 1328138 1638767 1526474 83472   1068392 1257016 1398730 647072  1144576 135773  501475  1522360 1284233 545415  1243857 551588  1338225 1324884 158013  845605  118160  165021  1054815 1584989 1178338 1475676 1563041 778069  1601909 219956  1279024 1269581 198258  1145033 1353053 765540  741583  590207  911502  1385049 224871  1412978 1246943 1509104 1457283 830334  400226  633932  1654108 57129   1479537 111803  1381507 372776  36326   899379  187986  1098257 1176338 129429  1318214 794897  897901  1015362 1438820 89378   1279792 18827   679586  530828  1403876 403347  1442696 990353  1411341 1239513 1319578 1310458 212979  1313220 1367587 1191407 923913 
1959324    1043807 455392  428036  1453318 1834397 653752  1706521 91873   907575  156778  204197  335611  1146613 1918117 499916  1055843 1759806 1952814 1901082 583650  608946  824959  1077244 1569148 775103  1572409 639570  773325  247890  534228  505527  1291698 925076  869019  785692  800149  1522772 468345  827479  406479  625124  1031676 677547  1707193 990470  1177463 803712  726408  1106410 680926  1310058 1650812 1505885 363434  1196092 257121  1935844 1835662 965902  159866  410566  1471429 1451564 1271098 316581  213388  111924  1839353 681734  939403  221964  1242314 11755   899511  990183  937681  117651  1729351 1664089 1159517 450953  950280  851005  1956838 1313714 87773   190091  1225690 1923435 1155993 1385557 310134  603555  877797  1581232 920136  1026642 1628612 735621  1708376
1398386    540411  1196034 610749  350959  1003477 112314  1067318 1073768 303696  1338199 442435  923280  1385288 500853  1203456 1145983 273151  1200657 1010880 200654  731064  109600  481431  1117365 574435  952721  808965  790685  364836  539741  248247  905248  337389  858996  295069  379728  971310  1362387 55110   313868  1302200 934793  1237148 327964  474509  81081   75561   1184908 1281738 125303  1385562 1051664 234904  468608  770643  1246587 460191  618471  1076134 825028  1158212 1324381 331890  97216   784991  1064207 914192  795164  67070   8165    1109032 1369270 942958  1385043 736096  456329  67738   811657  242851  388338  1374208 230028  41616   647974  698636  1249507 496175  197689  906840  173924  1022717 666667  99919   393469  1201131 1322159 59290   716937  718937  563608 
1536237    1285508 894161  803080  1495925 632590  788790  125501  378605  602056  705533  456370  1508505 1181835 1166534 82286   557190  78374   1076296 422131  560042  778827  336048  735598  875413  155446  13711   1174473 1186533 570417  321100  1183885 495367  1390940 626406  455055  487293  54638   580557  865899  656694  1461768 1322269 804640  1283045 1128244 886926  303998  1206618 426985  901807  406101  1381490 1237856 1141700 720667  32743   1155411 358903  1394954 365270  680003  1218281 860637  534706  308450  1315692 1197678 363088  535690  527340  1195460 636900  489050  463863  383708  81057   1526467 863384  1463354 417216  404632  333218  438147  281929  1474918 1158814 314673  1269771 157158  349068  98804   837162  31112   959441  11309   339563  914574  1208987 878329  89706  
1451450    758435  727559  984289  1116668 131773  43004   737538  1079264 833213  587491  887100  612526  1163366 1088462 977028  930477  1211085 1335216 421975  565437  496464  1177889 1182574 355559  744421  1121862 700284  364482  1431043 588570  699266  738028  527031  232105  1065599 658804  937461  351687  948970  319224  939178  384621  142653  651094  683985  330583  792473  443620  214349  1214449 1009057 1373165 151790  1402533 277274  107113  1072945 188460  471596  263441  777031  1170862 212371  1304062 1402967 1277970 1173769 888979  178207  671289  419105  1117385 266812  561758  979382  950797  892341  320405  1394417 1106690 745756  162927  1028405 108449  114010  516581  215562  397858  705042  1349510 661299  692975  1068922 84572   1207939 231342  1362543 930258  331223  751652 
1254006    948630  104420  753456  925963  499556  1145904 344312  163697  802977  778307  795108  929426  142064  1070373 544785  358556  376143  364247  44192   471648  865258  441809  146322  727608  159324  846366  1010867 597899  844635  846878  586331  1167890 951298  714411  839847  825478  1234939 558783  989175  783911  711714  530277  1087961 228403  975274  378740  586959  97412   117611  5775    1197690 982869  447584  90006   1085102 606908  310997  216587  579431  530256  1063465 540386  444140  135381  792     658611  335483  610355  592019  699283  768890  49727   604184  602846  906760  325453  356210  868343  1051495 473822  874118  995179  831315  67696   459809  37035   49229   770806  253623  3284    675687  63082   543671  1119827 827094  544463  1153063 1162577 1154818 491076 
1906982    868105  189345  1187277 668663  939436  1296812 185603  18877   136951  777145  424706  1576074 976559  1388480 641115  48942   604493  1891960 183653  1082594 742235  964654  632461  940862  380712  551908  1900745 851363  1104504 1627291 269738  1750693 1816637 1457015 512374  849091  846845  697978  646052  761880  1253207 1070758 209056  322784  330341  850171  149811  712918  613233  333464  1573596 1133552 1076202 299075  167433  1456914 850983  1846262 179380  1733572 1566572 449118  1577283 1476227 1906133 182676  196420  624080  658738  842472  1385960 4963    1691315 1373100 105832  114674  316289  255643  827592  929523  367191  494207  156093  1221478 793282  101610  771410  1422350 40891   728874  1248940 1385547 1177992 697325  732876  955227  880001  929296  1579307 1316823
1063260    755299  130443  273365  617549  133359  135763  792423  153380  203144  935444  306225  410449  499031  193643  193995  605834  751456  929063  248215  313780  238283  106454  562733  199621  55954   769014  4722    792376  369158  736236  681644  362749  866679  955010  980299  238330  27513   1011014 693262  230657  121490  237779  942658  620521  431423  374946  464647  421171  542301  712862  734951  780585  819316  535976  218498  113562  241731  223220  905938  912441  959456  524323  211930  1167    717625  430521  541049  745138  679827  171051  214088  801317  408831  93486   660131  840254  769984  61518   198165  249026  12673   171408  1029611 831989  707385  184849  945552  187408  709621  26522   36589   605818  852397  550071  908537  506762  218885  386327  490193  137004 
1684709    1558665 957508  427040  259350  1200091 34843   805942  68040   412544  1103443 643890  501316  1677274 1228823 461663  1590803 101802  707241  571960  1458426 1108527 547233  611445  1295048 1028477 41080   669792  50438   176819  1030088 419133  50775   823214  1366501 830453  858923  1401344 1636395 926963  129180  1575456 1570854 1150823 1568021 1114968 448104  1474115 1216770 1675672 881693  990487  1099490 1428927 437550  1230156 772695  998958  215240  1343460 1175777 80946   77884   62171   904160  280003  892624  78374   1681348 1364637 1005337 646146  1255384 891482  632587  1138696 321741  1080691 1448429 1538511 1071654 645413  1364617 1006762 389631  117458  552209  1682653 1636743 1287776 177022  1127812 1368722 775234  25601   588173  1055237 1438552 1186874 1572203 1118480
1905844    1442025 250315  247777  471563  505190  1732117 438446  1614524 143479  1628268 1440072 1852821 668660  1223941 214201  1522773 165000  1756110 1770649 837405  909419  853222  1721955 602066  1301028 1399808 100085  780068  1223347 1023986 1388035 759528  1676841 132508  1633632 678727  1864625 166234  387407  102261  291199  1827480 49238   1362399 1548117 665979  1381868 1713117 918786  1246674 1047218 324901  596592  1265869 926968  394316  759834  1429593 1576924 77337   547736  1059115 836865  721273  1191624 564653  1400001 1150405 1133428 1787408 1655206 1827167 205740  201141  1283722 1753857 1269660 1162287 57827   282602  503117  1507585 607504  1502249 867611  31168   1896565 124141  1460761 1567646 201478  505193  1123457 1440883 1226467 811777  502233  720624  56339   132357 
1480019    1299610 256751  555104  569864  796219  964976  1147830 1173893 1256054 1148651 1364840 1122869 1066102 773179  188848  1078284 525027  1083442 652506  1327682 543741  1369895 1368516 348679  787944  949119  1273871 1260042 369715  1116228 1221662 213227  1396900 296747  783092  713101  1285644 474824  430896  1061680 143456  315718  704530  1233480 1112818 917299  831745  157826  520722  4232    5489    1088384 1398049 1397927 1460984 705974  867027  1254837 509919  1260663 914967  251562  1473890 831849  548309  800884  88852   353934  1275708 519748  1439535 1419165 859387  664046  1172626 516108  125247  524352  697855  669890  552506  703345  302176  470536  621253  283142  1200431 32182   81881   230331  1292845 996848  481893  1310637 348678  1030202 631503  461451  1408058 427192 
1404501    377025  451891  995323  83259   268926  578219  863567  980396  385364  376368  615195  566492  1192722 575674  1362033 436793  420795  991355  1095153 398915  659554  646057  1398331 144261  1093505 1152475 869463  1163869 1084528 32088   53817   55433   482360  1049140 138692  751287  221240  1000641 327182  604985  1377009 940758  1169858 1165230 111931  1125771 195904  532726  712625  1291057 930022  1372179 530994  923853  111939  219999  671827  979784  1383868 350235  1011872 33184   405668  89731   1080705 542742  841018  1301945 138882  1166581 500810  109771  702838  264548  1273382 814769  1390319 64785   1345877 698443  1354224 871398  664502  480717  389131  776442  700716  1059339 351725  678464  5073    1361978 711648  409123  47208   387853  950246  886608  283678  1089128
1304841    871475  50710   1030195 681817  960460  251238  591337  101115  71979   1044330 329919  1046083 130584  222529  424689  59194   24687   1241032 247024  56433   956978  978837  469936  193717  1123911 522357  122208  202956  55652   829599  425397  1211765 880309  150751  588742  820567  686627  159876  921682  758607  1204206 231398  784487  29949   738565  1209176 373781  763252  1145367 620805  1104324 1082143 294801  269419  1275860 398510  1076414 93228   886104  111863  922827  6660    18788   782934  442049  892168  298660  1128677 1052044 1220342 867081  1236047 431537  346727  245794  1170102 251062  619575  913152  376227  1240381 712635  153529  230341  982054  409186  628851  1038265 502414  210115  129925  405039  501413  148713  167770  943463  1040881 466430  767299  1072722
1638875    12336   831666  708102  1213250 838635  789453  306732  223857  940652  614130  88582   1371632 873414  820641  383098  614533  839099  1457292 1287605 1363823 742253  1513434 1184645 463382  449826  1191244 1120172 1492098 1188038 150494  312597  642976  424762  1020699 217351  705999  1252755 524083  929857  554532  580816  461041  287290  1454230 1281682 670388  1511365 1563384 1570283 1160096 730934  116263  477257  276704  579645  927084  1467948 60942   780307  1017111 1292914 1092905 1102689 1160278 1556206 1320040 1308880 1170086 1286726 599862  1167221 228667  503505  1454511 1125499 146313  486024  997990  70822   1498909 1600688 801756  1615172 439070  521063  555943  1366154 350136  59487   1589064 809850  795003  485696  273664  316407  1484504 1036307 1625287 458318  126760 
1627845    1074954 748827  1106856 1336007 842101  253656  859656  1116706 80893   677033  1618989 640527  1176335 24860   1232365 1307618 1545971 1026943 592788  775152  1071665 1247156 5805    743812  1063155 1475600 805421  1089629 570415  1351321 1604740 17524   472303  727659  1353531 958311  981315  229249  447173  706116  906282  82224   990550  454773  1378836 595070  1406298 940870  1265920 15148   88177   709741  906212  93983   1097460 341522  1213490 275036  1075059 156060  1626357 1051954 1445336 470815  1423520 1171022 1073033 420898  1044178 1520206 1127014 1594368 1246338 489719  65203   997329  728696  1115408 310354  366771  1130557 42439   720419  408924  1408174 190034  394353  993819  465070  1469412 793786  107489  537429  611277  222211  333104  1426206 1295245 397909  486446 
1343965    1089938 788079  1341664 501174  566984  597576  292690  1023218 973260  789819  712285  267224  840958  979671  1192943 1036330 214534  387534  488247  941044  990197  407032  620723  1005211 333378  1098049 832644  405380  813049  1318856 314117  559022  935392  484238  1232619 158412  1254236 181344  1181630 883532  971163  722372  1323178 640579  530500  614     505366  917456  560570  993613  514535  206803  229102  1307680 1212014 734903  1061765 700694  1140283 703271  848007  282857  90750   439434  939518  1323369 770268  849789  160749  780355  561778  1304334 331184  540992  600948  861684  714028  1106314 435176  1274598 928385  1122133 137436  1157487 1085849 177908  720847  976071  878602  517166  335377  555066  800023  426127  994500  567998  405532  593226  73823   738703 
1435158    914360  861413  1296019 330374  424050  191290  38047   411208  1057591 487114  1208952 1300137 970572  570127  1250659 1330598 979884  572970  835868  979376  6498    499702  563229  1007598 1152451 166910  1074610 719919  637847  1052080 378299  1064928 1426214 1187038 908022  415106  1378329 946070  826314  1000762 1433184 112829  378461  481318  195676  193962  1324637 688280  279652  725347  232499  286150  1225050 795728  806469  942343  475358  445921  1174982 1113206 62844   1066001 255696  1001778 330602  1163718 1416884 273773  187350  320760  787255  1133254 1381467 678437  179415  141985  872399  1016772 342986  664772  306961  88205   950922  96853   883933  322233  551916  872011  768155  1239618 62779   343719  870462  318475  1345497 1201064 47036   839943  987557  1182264
1420479    386443  691775  755228  176229  105009  541488  1255789 464610  1380732 686382  1064008 342038  1335226 361939  327679  65315   1006967 754794  592349  1184028 193144  864327  785839  318507  1128616 765673  1339395 935359  521848  318666  1220360 908291  1291041 555109  1365121 1396050 1377198 1200431 440181  1337451 746934  364311  259011  661681  1006850 586690  1007596 593338  1341484 179466  637487  394750  1324393 2847    993857  1032530 1049120 912773  828010  431089  91560   908492  199502  1382602 323722  144144  218294  280441  204696  939076  478014  951630  1303387 1017625 192832  889758  183836  60550   343217  385442  520616  980705  780192  424531  1264152 353570  317182  1173394 126464  5314    184004  498624  913806  383506  741347  97649   527650  959642  378091  732346 
1715447    413000  463747  427628  157159  1419336 730094  987936  1650062 846890  41783   1192180 225398  994795  1325329 516262  1598709 645118  1711877 36475   1020359 131543  1037593 189903  334013  504532  675172  638828  311051  1652936 45050   1349730 606485  508797  61911   763644  468682  1048001 36134   403297  435441  333913  1595478 660839  1584705 1205360 1177101 1467967 391027  1429527 1504443 1411386 1561071 1082585 141838  435633  1587117 1073007 1074461 438718  1266492 1375507 73001   157531  168858  390909  1177171 637540  1694906 1213305 1296834 414900  87768   1432861 1075740 1672473 1178770 793390  1424993 1569798 763467  1469985 1521733 609091  837123  1663572 1300720 964790  1277128 659734  1403508 828173  319795  17058   1241700 744649  407967  703425  1638185 387427  457279 
1461931    559888  562579  710613  81834   325592  1247166 985972  112964  443909  1115818 671373  639573  873626  1129858 1308079 155267  558048  1453827 1391823 1296027 154541  218117  1288646 298687  1091159 574959  699042  474168  347763  1452485 419367  907651  553133  1222972 1082477 971717  1101198 699509  1084681 83176   446387  387114  815740  1320013 55041   661889  106340  706080  746776  36232   540176  994308  347341  459883  1292996 69560   1127833 530107  636719  106656  613652  1056087 1107298 1259777 910119  727844  769563  549386  1427353 485304  632562  411809  872418  1448302 362882  927460  741251  469222  171609  26097   598446  804777  1020405 1038778 1264660 851470  1201329 1023553 12638   376118  1130209 719281  63265   775576  517127  973384  41490   1379681 60839   99903  
1809536    757187  362827  712119  174911  1690504 1259337 471564  782698  62932   697596  1582650 599704  628877  245106  1798155 194730  352009  968650  893273  790623  330058  927294  983238  412931  789947  1458551 446051  950219  1502931 1115255 1182908 886166  1478082 521075  1061078 1359051 1780412 158690  767797  469392  856286  976495  1504681 1485163 1221601 119348  1679893 199658  1087999 1199214 990282  44105   752557  163984  457036  1542504 248584  1338671 683187  1751515 644391  492143  1263730 748521  1013218 515272  733620  1419678 673962  1501417 79535   156296  668376  210264  267507  516025  329612  137865  715684  43659   1772663 332014  87765   715684  931582  980385  448652  1180166 945105  1567424 1557730 1589496 250031  1011924 964065  1698834 153244  323734  1308976 1262790
1504097    1118098 351124  431223  311761  233568  1003223 1118540 1122786 1451221 766544  888073  894892  1085000 679286  1177004 1048523 1037696 1209322 294417  392326  1221373 1028447 87716   194930  90033   1406652 1443848 341746  69111   920200  1380726 49980   1271324 674720  361742  796     173846  343053  1490450 120971  1476465 874426  1382731 1057369 416484  1422506 968663  1454180 1494600 1263080 342409  1211876 1154298 796993  1406807 1244331 699549  1346558 81981   1135528 1129530 1462707 1185508 896757  633330  410021  1264421 1174044 1119942 1250775 1295015 1092311 987972  36421   1012451 1404456 1458927 477017  217310  312201  602868  926587  19981   253069  219484  289559  1497400 1285901 498888  75284   1284200 124321  400762  1332479 1021079 1034092 238404  781403  704040  221117 
1213698    1151069 1175734 851818  1141143 976117  47407   665960  423710  484927  821855  573012  333539  880216  774794  783353  403597  411875  695649  791421  180302  396206  1020761 343583  519113  52367   90186   304475  409803  600014  1152446 144786  85500   1114483 996604  774757  425016  592126  227019  848727  1077053 1048875 969853  958706  263507  530950  528362  215219  490939  772125  1006640 671241  716446  361817  1014824 21861   414185  1105011 326336  372102  39441   265084  516888  886753  927681  1061607 447813  139000  1201847 674832  535841  613316  58123   291996  358324  1083443 371060  886686  84964   861999  1206926 639718  319543  709674  1001535 882481  731535  963834  773794  1057871 122238  813236  871069  639127  486291  585053  35150   482218  272167  23299   705165 
1305306    218979  720830  443942  639637  815491  1291085 571242  506477  128412  1090460 503643  782953  35492   1126427 16491   209379  796725  461009  453252  1277188 531445  15127   594369  497901  427006  851619  445265  552473  549754  504854  486847  768733  1225685 930790  1153092 480592  661291  163750  731792  789703  998932  980157  12073   779146  801278  28564   988525  292698  489573  136471  9302    765741  1201627 348393  1008364 323327  1200012 148323  875801  189182  397900  57342   957915  63001   732854  550423  543593  88839   458896  1275385 878543  152522  950237  890616  931669  190931  663902  359610  228351  898197  240804  1287681 103354  137125  330768  856440  460452  1275502 749486  1080975 159378  1147386 883040  862015  955109  310588  107133  193396  144150  566029 
1795881    1051083 1613764 658833  1291348 773559  1192083 667392  115915  1476910 693805  1505087 58477   64288   185013  952998  1266631 770734  1101217 451812  217949  1561628 1569652 1205972 1452636 142803  973977  1738591 952044  663079  1564527 757519  1714162 1382411 10499   1209629 360089  1202582 471168  866032  1273639 1555002 575238  1722145 1619290 1150279 879262  1480068 125133  574626  526028  733110  730401  689827  143201  777185  832631  1507206 719895  378822  374405  878570  1526369 682714  465100  1536868 96463   1215217 1333597 957659  675397  1201384 716780  1250635 1127648 930217  995062  211029  614405  1510223 1175683 1530461 837480  110204  424407  980681  887389  1647066 1082034 201431  230007  1456439 1080001 1756376 343273  1545101 91510   829764  1354466 1425108 381570 
1209035    368345  953144  696624  609868  910786  1188483 567378  832810  175     132029  295320  1035728 1184031 515804  1131806 1154024 191035  36560   1200099 918889  203098  1046396 1111772 1070398 588125  469214  1186423 1205211 225561  321827  459245  356418  65936   918381  966286  739234  897830  324629  125522  898005  456658  420842  487211  194167  936646  409982  1110703 890194  446542  864279  362560  412153  701641  265297  36028   1052278 497023  984964  1048454 722584  97756   61176   841514  1135239 742069  598765  427950  430864  685906  553472  1091382 905077  736827  132070  1099244 464438  542052  763424  145597  751107  418669  508157  925772  882822  535967  724312  488577  1032990 262753  90508   309052  123021  151684  1150566 49225   656265  302809  477176  1087130 988715 
1168265    750514  951999  305647  836299  746973  23593   311398  794700  63802   265452  281366  367055  1016936 704688  10179   312881  1079142 132171  734624  410510  36558   88716   1050379 1118232 216638  574696  726711  612281  402238  614643  1130027 1152752 398378  267409  608208  932773  78424   707029  346630  142227  759903  627996  296704  608575  1120106 306883  708878  1030983 439054  275237  273228  263035  151375  1111029 213002  155436  517461  727135  767717  919699  1129200 729479  691609  359313  784311  131552  1079509 650157  626003  257874  792384  217642  885871  1089088 613639  625134  15128   154252  487853  454183  216911  761081  504640  368287  491268  717642  311145  1008729 63934   1078862 547585  24869   427499  70929   171605  999232  1158169 82849   481124  615907 
1540581    641640  1335125 749934  806138  852655  1296487 1242758 1239627 630430  756041  270893  297789  373053  813086  1356944 495917  494259  754439  708447  1309039 150315  68524   1520502 1180144 393009  856996  1336212 495626  1119943 1446879 1463296 307268  1241423 672649  1113406 553498  514821  901849  338810  1145251 117309  609703  1529307 576628  1422789 1345670 1072545 376467  559529  326677  231192  796110  395202  211113  521939  788211  1154376 317571  1370104 733738  223869  1292819 1041006 1465292 511153  700097  564475  1025975 61366   903286  630645  264941  58674   619371  841570  1481464 510727  459800  403616  1156522 786478  721074  412051  1267946 1018454 933990  515576  632249  1337827 431365  1452253 107381  183603  952678  118359  694757  198460  769100  266417  259826 
1844130    1387790 300804  1323314 997300  673990  1379980 328934  561795  767053  1335078 792338  1382327 629768  166594  161663  344484  660938  1336993 75921   419490  1558800 519161  615266  388238  343445  1537193 1030056 962168  1806403 80178   1614123 433735  1308784 176979  1431035 138644  1556959 843641  1628241 479883  1262391 1504252 945882  975831  754518  1107545 403988  499128  1528210 479909  2291    1242880 999070  617557  1631118 426188  1238422 817044  1388356 1200695 1825024 242021  1634430 1289678 419001  305008  511994  131830  232321  296106  1539515 578385  884030  641267  637888  1638548 1748812 1041876 293547  516564  1521785 295838  1759444 1604528 1841197 1546432 186586  1235489 1447149 1574942 592054  1428043 1816963 1310156 1801394 1319636 698836  469258  1451467 14830  
1325930    696102  1203727 400476  653802  167075  27747   433336  970852  988444  1182131 621409  447674  300395  966207  920411  10480   656483  1047430 890441  107327  184846  326124  32423   908954  190090  365309  939581  1070069 528168  392563  768507  421293  270360  366006  1075095 437435  393753  182501  605309  579219  561654  1226719 1026893 59072   866996  621374  592504  197550  865826  157015  827829  1050672 1006091 860252  633696  1196182 422584  770299  137343  950752  1162862 905850  46115   630244  1271856 318232  1067680 862631  1023686 870011  115920  259410  770800  1142813 841434  311867  438257  108008  1032369 501105  265023  534268  225847  468137  591543  56566   338389  1014127 826865  475732  638949  1186750 578604  1208017 491064  1047483 200319  755766  584184  1224005
1606160    750205  1597768 303618  440208  167842  575067  246578  195623  1328626 1293383 89828   583547  461143  324925  507862  1063409 329934  60309   1454596 1111828 12800   1182646 243513  1044719 1223811 557418  1374759 1338889 1302332 922666  716867  446377  866546  972758  838858  986661  1500097 1037708 1182284 1174836 677203  1272112 152223  1138346 1597038 612357  547867  273084  672666  396304  1384913 637738  1578950 1580698 76298   1148873 531956  1403329 833875  180400  672107  1503014 579050  1538654 821884  1370180 919155  715822  801728  447551  284498  1431203 113503  388993  915662  56653   1001350 1463529 329738  20128   205945  108491  610138  178736  35301   638708  1279881 519529  435877  459868  699929  1060257 356723  1278979 945023  1178607 1042999 210290  288269  190839 
1660797    740390  361197  909214  594117  293393  1063879 1048099 1177443 1555850 1239206 1284539 1289630 799140  1011401 763942  683354  569975  363388  656934  1488627 974732  645979  109748  1638766 703030  1636186 1487499 1599397 1418104 1281261 1546798 424570  1569331 795215  945561  128800  198297  332863  1306243 93350   1572070 929985  1382980 637286  280589  412998  1247513 777438  703259  170523  532141  1604865 816502  641889  1582834 1519532 544151  1336409 1385005 228331  883746  1197879 652902  792280  332298  1525336 921080  457468  197402  566527  550819  35548   1423385 199875  599707  43178   539747  186424  747489  1169879 356947  1279630 1113947 1173450 187595  962857  959058  731746  638470  610140  960078  1522216 147222  1539853 653700  406393  1404392 1501653 863862  1528667
1625700    730727  813008  1539971 213108  1356525 417866  568905  906880  804530  256239  1127596 1296465 405623  940568  1475588 302957  1309899 570403  899241  151011  974461  145684  1417022 12579   198419  996481  1110779 1479643 380570  1471398 647226  1111297 658706  561497  1390458 389531  979363  333663  1362464 158193  655954  864360  1520710 1061578 245280  1436650 1430587 1555179 381354  704128  146543  1421867 915864  1563565 1434447 1180336 1000398 985578  1034279 1380969 897328  55805   932618  1556034 683355  697376  385918  103070  1097092 122682  327316  127346  1053094 222326  1254976 1298374 99329   1059863 1227853 546735  138291  1374396 408954  1120208 1378313 283753  674844  753012  1269332 83423   574333  607012  205280  1506951 537347  888635  644680  923265  991706  116072 
1927664    1823194 139414  1112901 1819748 1823243 1211047 1271213 805766  253308  888396  113486  713413  683283  93534   389930  1820492 758238  197362  139616  979557  157627  1625485 1339633 1739903 963472  1735201 1313755 1194065 1454835 738795  754816  1284413 812257  1801765 1110545 707836  1019196 454095  1447651 1272504 1342491 1561137 58253   32158   1654671 382232  1786699 419293  579594  1860363 1398850 671270  1558184 744867  483509  528040  552404  1797264 1656153 13623   608395  417353  1298036 1354700 291454  480918  134873  1244698 935013  1582524 523587  283888  1150045 515888  250095  811100  898120  43178   1230393 1411763 1837589 635627  155369  1402158 1314542 572926  2534    1800995 376574  1592736 1814618 919017  82425   1184991 346053  307928  1599957 414974  1552626 607306 
1135827    1021329 353319  761204  712962  1022585 629296  368541  333907  183663  328049  400490  810414  618580  732240  756178  779821  252813  1038918 981681  197618  583044  486300  173330  19990   592802  1086343 925948  60444   579353  155599  479755  830065  508919  470341  772409  760886  329020  5123    1094794 512683  698382  724666  187271  546344  686288  172831  190339  939101  75922   36193   366102  1024175 887703  904641  273548  709887  855157  63669   770331  663892  584478  479468  358130  322779  179192  1130539 1083665 508212  365045  1042632 250277  1063427 996680  802757  473944  547141  975588  664283  350416  280892  1065686 1081727 534450  817562  850541  807998  391622  935080  101049  391335  463145  685527  100186  50658   1008306 279378  410579  956145  16972   775624 
1164291    908925  35556   257626  556699  225969  904958  725032  539994  979576  486482  1110395 10270   1081727 1091078 585039  808067  301520  111692  473957  498583  114617  99252   327329  842919  646203  19404   1159907 380638  1077013 1131475 417151  290603  635987  674777  847302  861956  1048691 1041291 237660  863977  363482  817011  874247  914165  743799  928243  557941  514275  1039935 1031898 1012858 623508  600106  175896  302136  715266  828547  931000  564860  741269  898184  982011  1031873 369880  1125744 183840  700793  1010145 60840   407409  178787  1057569 60129   521990  276399  272884  285942  303296  256116  794834  804151  104683  887298  239966  913827  658391  955232  578083  425100  355802  788309  158993  806769  655891  1162120 768223  308687  167578  614077  369528 
1388522    1029075 611965  443277  818896  760100  520511  366285  718689  251206  387218  617365  547702  1232904 505598  135912  295905  946126  86604   178863  796156  1186178 1065545 94309   775910  152277  1182348 386252  80427   116287  473096  563520  316726  1085061 178161  306986  456639  698672  673271  346693  121243  231853  964058  668945  636122  641020  1364743 932027  758511  62825   1110891 166145  420368  1347800 820340  1196278 111555  1174052 753894  191983  1290339 1226990 1315389 218543  923530  105028  525530  551533  803700  370165  898226  924943  1161905 1033649 765252  409505  286147  741473  512896  1044658 804299  795151  382168  396031  754430  1202508 203787  865985  159403  129046  229332  61220   1356036 156199  839650  62408   261227  536544  1173828 236292  78073  
1077692    1002217 990872  143001  944216  673425  174215  833129  344862  2143    438904  103173  56167   780763  1059643 62372   405467  809751  90339   15815   435629  919699  191533  120257  387259  446160  765970  665757  983234  732730  308225  201316  657256  221405  344318  880288  894831  875041  992233  162001  877184  353446  265174  212168  413025  603634  631048  97308   335693  203     469631  50138   919902  661165  526903  585978  29633   215182  174043  291683  226728  482268  492999  162800  1060182 116133  1043088 156137  991174  957630  318138  790667  589892  939820  1002835 281733  822270  912699  735550  80271   912902  127489  486918  755112  788654  1013821 619906  97103   507819  72766   388786  734548  911542  160602  176164  894032  276735  141561  1050169 190218  378007 
1572440    486021  1473367 612008  1408636 1517416 632010  318751  754046  1195666 1433969 1069176 1566956 998661  1345134 833337  1251108 204222  1040633 1065870 747200  1038909 415808  501662  826509  1145265 1417854 657690  1154914 1015684 733253  634798  398657  1103572 1246806 234853  1048549 306376  553604  230155  1502042 884525  196283  393510  310746  438370  1226848 458806  642592  1164433 1524676 1389792 1100294 837437  319015  354363  879654  633821  1012054 462128  546457  642259  1566318 945114  642784  1240684 76919   118893  1547061 1099915 818440  373615  412000  1484116 767126  1192138 350046  421534  78505   1462030 482919  500133  1279382 10773   234522  495349  834528  1114176 26122   274142  473257  1041971 1385794 467135  414645  456138  135380  960956  1044423 110001  488431 
1039886    134336  889337  303923  102228  647176  655249  491144  222521  847503  640393  941438  74884   59954   525167  641395  611257  97103   218962  861919  687794  228917  261433  812584  381517  825985  639978  739231  211196  560707  872125  358632  695043  721576  543497  797272  209808  158861  129472  432329  887306  769866  333882  962190  710762  859049  444642  282133  837094  663604  104167  485003  773463  246542  138643  115094  953470  778621  735268  124780  299442  567507  364354  994485  130139  907852  632813  339948  947655  762286  653219  795075  373208  868043  598322  44084   568148  3078    207160  365357  547624  311327  731302  281201  438811  750887  277238  352395  489622  893448  477176  670006  421069  841530  505547  432150  590438  98475   772098  498207  860761 
1279996    1200845 494997  177227  165947  1863    335742  212697  194807  273451  360985  237044  213503  1169368 560676  944898  37214   238185  644748  875730  453399  553374  1137279 386728  1157525 606924  1033536 559890  626168  987732  357101  938280  1258221 852098  1115508 493812  1203602 171254  706509  118413  794345  1067494 355458  77492   26510   1265774 1022390 413365  223963  387142  9099    1027003 10160   216023  483375  1167685 1172587 236915  797220  868399  1224647 1154321 526684  272516  1076064 711836  766328  69314   1232730 192841  537367  747079  329979  892825  1174211 356490  1228243 916605  769855  172211  373391  1128594 268858  383551  414261  752233  271240  306852  989148  138104  1175252 3444    12430   771580  275960  158138  203420  1042289 227452  156154  304774 
1516809    930505  1322676 671879  1361384 580531  509880  723282  1019199 1019182 1432698 860044  1141620 537277  204259  1385119 9775    1045560 1042101 1344003 1203302 1181955 1300981 518896  602122  950343  687699  162094  1176113 665606  716764  980431  397198  840527  453397  559669  1421058 963278  1282951 1241344 783547  1198840 584579  408359  219308  788838  594565  546980  317590  437753  692070  321979  102899  794138  1158772 705022  227672  329662  1185012 204872  1313165 384967  1503199 193554  26581   439788  753224  248726  204153  837262  1490070 1305596 519294  557841  515042  1056498 147766  1109608 404565  783252  30552   1414531 1105232 451348  1009756 747195  1156370 1237428 1394753 1142469 243387  1509005 10628   229778  185751  355105  987462  1256871 603832  1509511 577324 
1829839    596287  1395530 1535274 201597  1713542 835887  285045  1313041 726017  661223  1760007 150433  186973  1532747 1779751 1242781 80572   496005  1011092 1747325 725160  1150998 1627717 423621  707290  1784756 918155  291215  280514  1428155 1492862 876802  1741184 1198297 1825737 1624887 204345  1028281 1108090 1677701 1689504 1785596 745633  793977  1488504 695546  206919  486575  109050  135510  1151400 834210  1286508 949278  1257832 163960  904196  1093486 1202513 102209  1439140 865536  1726349 1350486 981333  639746  63033   1185678 1668027 88622   1780878 1527693 791717  696673  1239169 450383  309718  1446088 1684296 418768  1581599 1005857 170477  1785606 872635  345808  119727  694330  356794  239740  796539  1795934 1105276 1440388 234080  256770  250295  1044452 359948  88484  
1186908    534815  987879  263634  831945  103587  1114746 444718  163832  225751  274675  381135  840166  1108604 516504  637807  513592  608624  722806  827119  237953  746073  1086890 223349  459896  917647  1120403 251182  727604  437877  798189  886259  605617  232084  782817  250654  335671  343579  695373  499503  569330  602972  513563  1042420 157592  1030067 126243  671185  84707   849049  1131228 322661  41139   664134  178934  133959  394874  112429  385141  1122478 183231  1183330 454753  788848  1048338 870494  1039502 197101  27165   180891  329529  229420  783864  476016  84932   941456  319175  211176  58657   36806   1060225 822810  1179299 1101364 1119868 991157  48416   327834  736511  66481   1083237 919742  882736  1170914 521682  744166  854501  374276  941268  881666  188092 
1488059    958276  58537   974962  922527  296055  1245589 179469  1368244 169216  110095  849348  165117  596002  90643   217748  471998  1486937 529236  610858  1332804 226997  449849  521766  785028  1479385 1271441 1163526 33362   138390  379369  476423  1096666 437906  1451385 316623  519450  1208915 496092  399635  1378131 606188  1034472 1328737 987679  1125116 58427   1459677 909483  373152  582476  754228  385639  817815  1061483 956156  594630  844866  631623  627992  768745  796481  1104415 377352  1234387 853230  693976  265779  359575  975557  450903  249647  1367234 1485376 1363874 866854  1122433 1207790 838472  543857  92883   1206438 1083574 264011  536194  656998  1220168 1130824 1287353 363732  56246   568039  1160214 946150  945392  692031  311321  1424857 743299  670896  697844 
1496902    903910  527294  1473855 749223  477708  722369  69381   1375006 1258280 789477  696247  367430  735140  702758  470551  858776  963792  1070586 1403498 116514  447255  584574  200920  695744  984045  767947  21634   178282  712976  1246086 750299  119984  276478  1297974 1439930 754186  523441  12409   1203012 855541  1372608 402357  1222971 1181569 178935  196620  1114165 1142727 341026  1020761 333061  788282  679155  533981  557846  166299  375748  579481  915303  1088724 328665  168700  282529  1175865 1466674 225557  1003871 1063935 808688  709982  422574  684395  186159  719365  369062  365095  1486707 557047  581642  330832  80907   914704  192934  1330784 522505  750780  181     898254  1330261 1486206 1060798 732746  728726  1343327 411709  1269220 642704  1415581 836253  525213 
1838547    738277  1569007 794172  1577527 128707  1772106 1408933 251677  1765868 932732  1263217 662751  1626080 308333  921379  256170  938994  1319332 1393488 1501885 755884  466705  138624  585406  368302  44867   90239   864538  1142133 20367   1056371 1819659 1589374 11996   1497887 1657329 1784103 1007521 70459   1711424 101706  1272925 474876  1667034 1520506 1335503 84658   560201  755537  1417394 223539  1511421 45552   362164  258280  353102  346279  287767  1217640 1427660 308134  435464  1408772 1836756 386709  1068113 1655538 332265  176335  1665246 144390  278042  1099624 619266  45777   720831  55470   130435  1281032 811007  1547829 1504572 483881  1532630 1805984 681410  47185   313716  908425  1204074 1741376 1216560 1639538 1250850 1154017 187700  419664  910257  459213  595999 
1781111    583373  1486456 1480318 1317170 204661  705433  521470  684131  1175816 1606567 334447  155838  999419  1400449 859233  1509965 135785  1060711 922079  994053  275158  527710  48631   884692  1157664 291046  1026950 627261  1542464 1625583 48203   880944  1330929 1528521 953222  290697  989061  1474692 1511046 919984  55255   64382   1075823 1054674 219938  690163  1319746 891942  505982  460715  104884  781140  1524643 153515  420939  901196  444562  1447889 283564  742133  1292361 867985  378184  1378397 1151613 1331406 424201  359563  1561205 154137  1279548 1616461 754737  1110478 1426242 1510894 19530   964878  621725  525512  180700  1262827 61759   1705343 171450  482698  1361647 616012  685694  1645211 113252  196945  732086  491436  330449  638806  577950  754651  998370  358044 
1579853    1516401 287558  1146372 916409  577786  384307  987926  1221863 243177  890974  175469  218935  490241  1157086 1577941 632630  254692  254653  1539983 20134   1365723 139722  1509688 964616  713198  1162642 1372820 1298549 1539030 1058643 601250  1475578 1346201 1284201 348713  344134  88656   1336640 1102576 1448265 647761  1278045 87347   674581  855279  1201867 843790  646550  1456520 803921  666684  1242390 943643  596519  163733  76988   179309  1073132 912116  1254918 551922  1513366 687223  318271  754294  1035936 198984  842950  329302  1301561 711362  513642  536332  335289  1188224 1391611 1537156 452161  458309  950403  1256082 661572  612940  156452  1258092 313252  233440  973980  1386385 682136  649045  358454  615649  1336268 213304  1369943 328931  1528721 169619  658233 
1555806    1307649 842816  806504  433711  646212  582716  230283  1276623 548608  1469250 597469  912067  911509  1273406 1177355 628535  346062  1194404 93809   746883  889191  700355  879642  1442178 938055  52131   530563  1507545 229349  587971  649831  1065630 959419  1456336 1499341 1134263 11878   1258256 855080  89118   1171701 1452549 1001185 527404  1170149 151367  1155939 1044844 1345771 778381  235921  679156  1478736 644195  565529  389617  696327  624724  1425795 454308  741327  519820  1048570 144940  1504788 992105  1279203 1516666 694555  107110  49978   1394888 3853    579796  366486  702635  731163  1051058 191673  49760   1358071 1512032 257549  809633  600422  823078  1199250 825381  976434  597871  1279689 161956  1117692 772453  306896  1066674 1293190 1114732 556167  1516377
1704899    297907  294904  1497811 1462805 1005998 1241899 1129427 1163385 423855  927755  1376683 991378  1425467 780821  1402476 1193293 1234276 1522292 530922  1528326 1369961 27213   228370  406573  94834   1392637 1042169 209901  296293  239152  328088  594200  1223148 810092  1041199 524248  1036185 465727  1687633 1460040 1393482 343611  1435611 98243   108625  1133188 1291536 1342901 1639673 806652  1166329 1304735 1522957 378892  6409    601984  66630   32771   811885  362923  961016  124166  1646216 479265  934259  982516  1692605 954637  1448243 659533  709778  121020  1003144 1129583 908355  1111769 1246964 1184085 1438864 1181739 285838  1589386 1470667 103896  263379  1477077 705881  330010  494041  501959  1382025 1455057 626126  1323342 918516  544578  600959  1595314 1499215 1033396
1574886    1236764 81634   1081071 938149  1372357 821569  238039  1239025 1327941 1374976 205452  1089474 978714  944635  813520  966679  867832  363403  1313984 1161014 219235  467834  645871  198820  1543217 668403  850417  1013522 1384371 402372  1445581 132220  484006  37737   156339  942333  859306  394378  1267329 1273217 855324  1472781 1448661 259153  842530  687295  311802  796332  136669  50900   382461  355904  518735  114302  554724  487066  782706  491111  586558  1253047 1554339 457254  1385267 463459  494991  1541607 491763  440267  1021955 184206  138598  302394  742957  673229  1222403 671458  1360524 1534205 1467790 583163  671076  275365  939067  1189811 1050524 579762  762847  258344  156843  1349406 1511391 136297  892630  407743  1260612 473591  1035320 177489  913858  482389 
1355206    769996  899879  474067  700705  1269558 585773  460261  827072  1233929 1031121 372064  28933   35086   545695  305963  378314  802684  621491  1030528 594400  835074  896027  1314132 308729  65279   687635  1014379 488873  306761  547301  21620   1076757 609836  495687  940118  524189  1081460 45174   513917  122840  238951  48637   669635  791899  1112194 138254  1170214 559672  759745  8192    1154073 239613  66875   275655  1066205 132154  125947  725378  1138889 432708  435335  1160510 154260  1045172 818853  257034  732017  545108  820070  1245934 1185810 1059021 1294571 1018101 1013577 214215  1156355 828585  773887  1078756 1354639 1090616 481025  66308   528928  192024  716324  654875  80059   1017870 250239  515394  823174  922361  205360  286821  1179396 100033  1349791 644260 
1017258    397637  196794  806230  913918  824627  563007  578431  256086  714671  377051  839161  186289  847835  846517  332773  735137  286043  184482  53950   505113  595142  518097  859655  705047  650773  1002137 477151  528859  245604  76728   375242  591232  221512  112205  487892  28881   623202  1014314 284967  268605  374107  54860   454895  152674  901377  735658  835802  118152  868131  889752  623266  394005  338581  413653  29784   989355  398532  506936  448946  592127  531654  772178  166101  753166  832373  601983  730037  386308  599039  962994  654913  921137  596     40540   56553   849963  724189  892355  968115  575062  712840  522113  917057  34163   935767  946841  971508  265031  384509  403196  805148  916163  106107  971249  600061  938480  555975  260830  307530  85746  
1631594    1227534 14333   376670  1326594 1327673 1189071 470657  367572  1338291 202969  718854  1176048 325838  92672   1157879 970142  971504  1282871 1134987 512045  165387  350391  249042  1393519 1593100 1312614 823258  662321  1391731 287116  708941  987671  301450  779668  682671  1323179 337145  847385  59157   1369492 1050354 778012  913947  1070249 564740  440232  408797  1230300 1417159 1237840 1436401 1582547 1588231 53849   1344472 1243794 1366464 536136  274521  1126601 823252  677518  176734  818758  1457186 553461  510343  1488388 1400846 569501  1226286 819607  1041569 202695  258262  1300365 642928  361115  593127  428493  1598955 397935  73502   1249649 145840  1417974 861849  1206360 16572   1136370 701367  533881  182294  572157  1352639 1333537 1125619 231389  884387  894871 
1090374    1057225 964230  145927  785589  221706  582654  12915   822549  515551  589950  642581  212484  464563  647154  425213  974149  356865  888047  758994  532119  179477  948363  206703  140176  124276  426130  779011  916235  1022083 453215  363959  988935  327071  1063018 684150  548778  18056   697065  834085  533608  749773  939424  208850  123962  496204  96821   560870  853069  984869  782622  847946  627104  640611  517408  767280  227645  943538  455918  606639  338006  371891  433356  236567  698962  959133  383475  710498  977189  543298  1007342 420423  755829  856392  629274  342550  815355  726095  366178  40808   620590  611558  351513  710452  161795  868921  387359  942572  722085  306035  1011969 522849  677926  354952  759416  286514  776843  605649  459771  663658  611705 
1333172    970360  807051  1136073 38720   1306545 2810    947635  1199165 955561  797054  1188209 1178488 748074  217388  1287249 759423  1144514 222822  1077688 681232  101332  434136  437402  936808  395705  1063489 1138236 730788  997145  1107891 1110697 634333  581770  913598  929497  811587  916409  800405  934024  795242  520731  789061  897002  1268805 1006449 851079  695057  1074236 1330345 696017  422296  98505   1130154 859698  1291758 449131  846459  1096822 103191  510432  1127985 1213888 68038   633028  1050758 1253979 111443  890439  721212  1045468 352509  1241943 757801  172783  100849  687523  1023862 1052350 428587  1021036 415195  1107327 1119541 468621  890297  1078127 917752  403584  1098221 1277387 1170460 893035  81375   161770  192891  55406   82578   560778  945845  1060234
1466566    1059385 536976  416300  565198  1106889 1362163 1177359 1288865 625172  418071  851472  895271  50310   78844   831842  172408  860538  1432204 867375  453364  571034  789020  881929  1257933 1431653 742379  1382391 757326  255213  1069517 993176  883574  139927  978452  1017748 815792  443025  297517  638091  1068197 715588  1058540 65878   334875  706360  897720  507283  100332  432334  943634  122672  1003369 266089  573578  363712  1266718 1315957 279537  557478  1140146 1349054 1119631 126130  1057958 200493  1143879 407184  643519  1010372 614252  245150  1294937 206226  1346571 163246  912586  346701  670529  581894  779036  147597  704567  315839  1449228 1278145 248527  1249381 1127536 528064  1375835 801117  410552  597876  496223  1037486 798370  173536  1444671 1010865 752885 
1186993    778200  1155608 140445  239295  492507  240991  1143208 828428  816181  942253  101347  583678  459718  988459  410858  192020  508201  388913  915109  308041  1107280 522518  973583  160782  728889  612933  175265  616641  949160  180042  818061  327056  148657  958506  566352  427853  12504   309256  69288   615374  64516   170635  985742  310923  945783  209607  289632  53680   598520  991430  361722  305496  326955  1121994 466279  1055844 334623  641544  485492  96790   608275  1090242 210535  756932  861755  776887  971474  874259  1086143 1040762 89330   937348  998086  1075072 1034960 756877  97686   1111281 597246  482896  915718  958968  788392  55681   893969  1041360 898214  1015281 282600  1170396 1112071 890875  1073645 1109296 460814  748408  699190  31984   222363  385030 
1796229    899080  805412  1781924 905792  1314860 255159  638130  1728246 33951   942625  432069  930383  1422426 647492  244383  1061136 1496652 1491153 788249  1578344 814037  1597749 1091101 1021577 258241  355482  240593  1647675 1657761 830327  1770032 760613  1635739 1755727 676412  1154370 1020893 1314542 96395   1054845 460938  528464  995235  893372  185963  249625  964515  1682615 750785  1752764 1464731 574830  1554284 1565839 606414  822533  125092  847007  673979  1782853 1677334 1454018 1553473 526852  1413517 1239893 1681222 1444417 1564442 787624  703033  1035388 1316088 708275  132531  512058  957901  1097046 398445  718693  63588   873183  1293523 1617873 1449029 103709  1450413 1574121 1756952 328163  570752  648065  1782181 1134233 1174917 409476  577897  69917   57665   346110 
1809039    1709179 1444054 1041233 1808233 1365173 1164669 461034  1712787 983041  1425946 511015  1234892 405883  1676915 778060  1602606 1346738 1622711 1730559 525530  1023430 1147370 18250   120238  1477527 1497950 1052492 1338162 818993  151710  284885  564778  1441409 1326118 409617  997544  527393  870651  901292  1356079 333204  1257952 627577  739087  1125828 1251282 378299  663527  1064954 299819  1034702 124991  1292835 1052953 245229  961323  587509  1143367 336091  1406502 1140722 466621  7886    773092  1792740 417504  1616281 356739  1288155 554180  1558464 1467004 3093    377002  397052  1128922 1628285 620996  1638094 729845  920816  863758  700481  404612  1762356 791356  1211580 540826  125684  1393317 1792973 1266406 50899   1800859 76104   1689284 409324  1692386 236985  1543125
1635024    676648  769057  579746  933410  265118  319359  373709  922351  1607574 1123602 1052349 921272  609176  135465  1624811 73329   1048130 1566070 1408098 820763  1593411 1610252 1201380 1251541 1282315 1509300 823056  160620  1331101 476035  1582253 372725  1245092 526975  608999  813074  149199  982709  100402  1059637 1409175 455615  1283773 383327  1528969 576424  1394545 942075  507470  470483  127814  465857  445712  632058  1020262 93003   1444222 208294  1191511 1140299 1622217 441604  815888  1232286 271443  1424888 410336  1358530 75437   1448626 783143  1484612 269218  1369780 1170803 1101051 311180  930324  408102  818650  1400808 1473804 587371  1149384 1408726 1607634 545251  1217925 1118792 101738  26064   1105986 543342  841953  6112    814785  1569705 1354336 1476180 948006 
1451402    461229  1325208 1444791 817148  507055  1113824 1084524 1025690 1038130 1326211 278734  1077464 1416474 1325520 1054172 923636  821761  106627  737049  47777   722326  884741  1447209 164183  919929  812796  186092  228967  751514  1170282 770708  352654  1044088 764097  309712  99741   426519  1394236 1125431 604559  408955  544075  230621  374028  1009505 424704  1297664 379864  531331  1174623 1018953 393567  607962  154670  557750  667801  967467  1335154 36679   858891  1054034 807387  351455  1238032 120083  661167  1337774 1137914 1195314 151713  291072  152867  1287101 1113005 526895  845204  677619  964470  1225069 348861  687691  1383932 742428  435564  87201   440089  243275  1054668 323841  279954  1053469 517786  1087342 1404925 304416  347335  1206002 782100  33847   949914 
1719933    1560061 1202877 473177  127890  520577  606210  244102  981350  1121953 970241  1194882 1107868 1542385 170890  245385  1287975 562950  1072426 480848  277172  1351688 1105900 1302976 893087  991390  1517219 1633084 1059470 1061083 729973  1528144 1613881 925586  281388  21838   1446164 887599  978609  1420250 289619  941587  1607868 390223  1476708 58825   635608  1044750 621776  700770  518334  1611617 1045195 1624235 1194660 218349  895692  991946  844169  235229  1045765 566879  756110  939713  1492465 1037498 1674220 1218696 205164  1645566 1631683 1207453 867220  1519618 1597676 623995  571180  1226021 661481  1192956 206858  1179815 1084640 1252053 1084117 1272036 463139  972545  544049  1307308 200511  1589814 154254  956621  1522264 1646720 274186  1476551 138219  1192020 1402184
1531079    185919  1133319 1107577 1262967 284723  693993  1079037 911279  1075878 1514536 1293640 539567  283064  345943  893857  1136819 339648  282990  1059864 154629  97345   680003  462992  1234916 1178438 1322925 1361421 1140358 1064017 1035979 1201690 1249936 1258409 1398377 981825  12053   561291  1149972 12443   726279  1133429 1306083 1265846 505604  741136  628624  111344  1080784 911614  1171208 1235413 98070   940322  787515  422096  587681  1199551 872627  817149  732489  997717  1107950 1071536 725047  64358   1142471 737100  625650  761364  1369732 441039  983904  233846  175807  1489508 974983  1424620 69773   1144877 1425345 330092  1469401 612525  1270414 725837  123731  947205  394309  996359  853465  215909  462997  430336  1287445 1188044 494694  898837  1014254 209454  749311 
1861277    705976  1206898 423388  757131  336576  944102  1251380 988149  778814  1674306 1544467 1653973 1076477 33859   836906  1022999 264522  1689562 1849232 1552729 560457  1393102 500384  1814207 1831527 263170  1057313 1055971 1120577 1299216 186994  1826553 1074848 1040393 1152417 1411424 123218  542521  968306  1332042 785560  1081506 1124738 761     1115365 530378  1023760 1809898 788673  1011715 1501350 1779140 973550  570468  1732070 943800  833638  1358116 568504  522948  1226065 1185509 488225  439636  364625  209375  419794  917853  751896  1388100 388619  106190  608330  1513357 106951  292428  612468  1560721 241049  1401141 1141169 311133  1319004 253442  881601  1189797 1627252 283972  686636  334479  806920  51425   1519988 1725155 921071  453346  73254   1340865 1371200 1255160
1264065    858127  278268  29383   560431  302640  842496  567205  723596  1190860 805096  16039   1244503 456785  1071181 87078   690251  1151349 98558   103933  909691  928576  266720  1104069 688802  596651  1021342 1162916 479124  1109467 782321  706699  703529  1223377 736082  162682  261952  477300  729887  1148336 404095  433706  63097   384533  890491  1134279 634398  316677  1184350 895743  420610  829976  723042  850117  669981  147779  182704  590045  209417  661828  435447  991738  104462  37698   1113837 1003331 363167  274512  216566  1093055 158783  783449  262696  221880  66704   51909   254881  863890  531373  175167  495568  1114771 1005143 1218610 700823  573846  265111  883527  62613   637315  444077  660847  527776  711326  698545  377548  450592  1061713 652060  829946  1053490
1304853    674543  89640   1229765 1138600 1190058 1076766 1265402 508679  798183  378533  596490  1034524 89800   695656  46084   968545  111176  1059525 746045  748304  578308  1107402 164939  165414  352686  885439  1275899 791005  257542  286722  462324  932085  376362  387236  765832  565957  463539  1030772 1074636 1261723 408842  670664  1295784 498642  61467   341405  162334  172643  96077   1212770 920947  674386  14856   85424   1144190 367542  970863  1115236 1158548 227942  401495  620409  1160027 1082247 7182    925396  343351  470721  955705  417524  731981  59694   1088188 722912  558337  149192  1064318 1025061 321836  1160395 1237368 242320  834318  1252225 327744  673655  314914  298144  788428  472999  526086  189460  1093408 685650  1271707 100127  306194  614595  570849  1261899
1437734    1019156 266826  544877  814451  380181  1177680 381286  716220  1149101 127244  1311220 1112877 1062175 1391787 603074  855152  1250544 971168  1072109 893989  470286  266236  1420395 350024  652482  1101105 349561  1282408 596438  859194  299905  668808  1126020 844783  45525   559415  584729  426811  1275635 787044  554056  1149121 953135  669445  156388  118475  577811  1406933 142858  212186  1354136 613144  478423  390011  963168  1130905 544330  365944  28793   193982  278352  328699  862791  457586  226696  908316  1017001 1302373 388342  854902  651683  1433346 1057238 658032  1156005 266840  1267456 296082  726987  1410314 508269  643389  1076672 39906   86615   1093054 224025  630945  21264   252818  824928  790564  1072465 249985  1248150 1299161 211515  1318365 217014  1090805
1163461    310545  511572  319015  228156  340197  421936  579250  697741  808282  1115503 412023  177830  196315  113610  1012973 992712  755884  640344  594136  342545  877505  1055296 405106  203088  42868   997349  902327  274478  899330  505058  958862  46414   118527  379774  274570  724083  801711  1119178 258363  446532  1071220 935744  624362  369432  1049354 739233  198684  641777  481474  1058178 984322  195518  950013  491325  663964  94778   325214  402830  634615  61083   907888  430016  107497  128313  1075149 647426  1117754 713399  868501  212656  1159931 1041619 1148400 886190  247590  136190  461962  711632  777967  943436  606349  864186  240851  658260  192051  904815  753038  517265  144185  224192  843706  153970  919567  53100   282283  831255  965884  501934  646551  670925 
1875926    1412868 1618192 1757120 1409455 871854  1788114 1070685 1396978 284778  421400  1358241 242410  1079994 1065824 1064092 793528  817085  855853  593410  771308  110506  742818  1257678 1006045 1604526 557262  547000  1250112 1384864 1290738 1736463 1373428 1033004 193354  1358580 480554  105542  553339  1606    841943  1426361 1811470 1084353 1082051 1452990 724141  451276  845771  155690  1044686 1617080 266196  363200  1450454 1272241 543423  583413  1819241 369231  92351   1685675 681390  41476   1294375 874744  1851678 1774930 1431909 529091  352232  397926  531148  287776  1482279 1613200 1740767 782116  640172  710612  937806  1684858 903388  1204002 623755  929539  1051939 1618800 1512952 995255  112105  180999  1256626 793495  222475  675076  243936  198227  1025702 1675845 1178940
1321026    644475  636367  1303515 777774  697255  1272850 1147800 1050877 584266  101410  1218837 1180989 1063708 462526  40646   139289  1092682 203080  376864  289551  1060135 301173  761635  1158609 1222015 70597   22602   546617  231460  755521  1159963 875935  70862   1142452 837311  768117  277878  664085  1002596 862145  1270123 84009   722108  1012805 546536  1267382 1152094 822820  149436  207933  1112372 393173  1013734 552981  735384  914723  1128206 757987  644942  38640   192482  988507  98177   263344  1314562 935488  215063  271414  783175  401261  317161  732272  485270  222871  424051  215408  169227  759747  221831  318663  151282  13177   1216465 1165016 1070786 630823  1263341 877966  67784   1091885 100208  764894  759367  198385  211840  1257531 317475  426903  207919  1100650
1358408    233203  1191804 515699  556736  847737  464395  503430  1186702 87088   790131  96411   119367  415342  504793  1166745 1172872 1247277 765755  299456  186592  132151  756741  750641  271504  844365  675662  1065219 77535   850448  883543  475777  1083651 876339  991476  281979  365668  256864  785409  353363  343952  376533  449774  622720  951275  1113967 431057  765739  1002836 1356213 1065196 1189429 289356  622929  741062  560861  268286  58317   427072  345821  908765  111608  980999  634008  987947  614067  1075387 154608  1030331 661789  507971  15876   1038322 1117145 638596  631189  872704  1229053 197921  676533  1226858 64109   666954  157807  687038  49608   878068  1114724 107925  106132  102138  1176090 217740  1242537 611090  6680    498196  328070  161288  170120  1149259
1133788    410556  959665  225208  109468  819194  1010456 960769  97947   179121  905068  1071396 289955  87627   408762  810696  250631  240067  1120085 728891  683129  767620  399764  22170   659286  781900  1021782 5264    856076  142526  213635  1032939 553082  1084124 35183   573374  680355  1045639 311180  689126  90973   82460   537559  291752  170087  946321  1102448 331542  1097212 999570  1060433 557377  633402  326409  579547  158900  1019133 378366  74989   741421  520892  199448  551396  984799  60609   586579  335209  740964  409255  646389  296302  500228  639673  744685  702804  809760  468043  671465  1052126 431467  448071  978772  988845  1081473 82217   345428  17409   1012175 634618  3222    619808  1066335 202671  1082029 917346  263280  534820  29591   915068  944075  586805 
1732190    1655207 662932  719592  25420   911147  555475  955547  1642193 682460  1529150 1650065 1490855 1453675 1678365 178708  348894  357448  276940  978277  1708788 1437049 844708  297935  596545  609958  1154934 737669  979140  1191625 1491862 665564  1546595 422604  84918   271777  1333751 1072345 1659276 1675707 22616   155998  1593582 213233  1609673 239519  391941  658329  596967  668882  1636606 573566  373741  1181076 1303453 970287  58844   726197  407718  1469936 617585  599342  403311  431990  1453898 488229  703767  1487412 260337  630853  1430929 282953  786851  1724273 928138  1096286 231603  1320080 454377  828570  256772  358794  101898  1062465 1539870 105114  300562  298477  831311  1140232 36223   148658  7384    871486  580648  161045  59478   1716367 1648457 319815  1046982
1766380    1603210 920565  574271  1619408 1207083 166524  182130  1718341 1028267 368662  958195  1497    1545730 1368777 15231   1332424 391256  1210425 328637  50992   1370273 1075683 1468278 878292  1088158 1049318 498411  241587  1538533 1385324 116753  43415   539509  1125457 1662824 1746593 1291981 78574   1698554 988300  881669  1324801 989798  661019  1361630 1439461 227063  1752887 883506  990132  37499   487400  299436  173829  33744   55646   1223148 532155  297234  1429733 585531  848419  1473149 1559473 207496  37645   1539686 167530  550651  139912  1155830 1432320 132765  813680  761391  1494395 486762  988455  148954  1370268 646639  620885  525720  1380507 1229147 993896  104206  685915  194104  401440  783700  779635  1684291 490469  572728  559840  528114  780466  1161802 1078766
1815871    688738  961391  1699951 446928  1516729 172499  985900  1679839 616631  472613  1492337 804497  622895  1064180 113175  1197477 1168386 157542  161512  862362  696261  1757096 1535037 1669064 294193  1342409 1547295 947805  794528  441957  1068943 1483267 1403349 1644769 114324  1104207 1397    1791969 1659920 1309773 1140456 1336386 990144  1763351 1276440 1103319 20832   1320700 136735  874089  1058936 832997  815314  778103  686190  1109508 304641  1109359 933187  1790915 1551317 878004  1458311 1138795 706902  448509  1118876 708299  424607  962925  202202  440937  1175185 68220   1080163 1327500 1171540 1100995 1524074 1308275 159213  767140  325401  974528  421117  1703336 959910  725758  996825  77226   1392547 732271  955230  1034987 746940  538007  1483496 49945   1246306 783977 
1697349    374321  149670  1567511 688384  286056  7551    330293  814394  1256541 463696  1220999 835612  408196  821160  1066524 936660  794361  1489012 1360021 1679497 879883  1194862 1459364 775997  1120946 161055  1460141 1403044 768970  1489247 882135  806129  1301754 415135  1157350 1250647 422686  1487643 367692  1679227 253990  1251529 480327  662186  38177   1209688 1261684 832539  1001352 587193  814687  1544072 84707   239539  285557  868490  63431   48349   574186  495239  1537597 1456321 1301368 804839  1534293 424206  358138  259631  214500  388667  1601695 131327  1640196 47511   456351  1678374 1257199 20686   476401  224039  607879  953925  1430948 355423  1193465 19157   886751  919733  67506   1123774 1414972 1605103 545583  681828  375431  382528  1106034 396406  304996  983371 
1204310    95499   1049462 584291  719808  446826  826274  101371  930863  575169  37150   757047  187331  748562  856186  574996  597796  837242  912349  519583  711179  1190040 413489  1022196 508387  985829  547635  1188411 137486  262479  1172351 33000   159061  1017503 418373  878869  61101   40337   781322  793046  416588  818473  345783  405002  362725  1201969 979998  761603  635983  489119  1082268 1148244 275932  92529   966131  585401  1078358 110538  569502  11534   174100  537543  1049927 333161  151818  263990  1013112 14001   105410  590125  807047  521998  5370    1152831 927000  169177  951572  503771  930780  184328  992890  609820  128262  1069904 702350  895475  450995  576398  1006014 821580  389015  1180114 1160205 234632  110047  107714  299704  1123159 121715  405114  310056 
1959288    1195169 780116  1300004 1703231 249869  440576  1245998 446041  359776  1187879 1223566 1195303 847447  1548538 1542558 1430231 1912756 632208  193635  721957  1580504 199340  1295135 1217933 1881446 675396  1689605 1501104 1535586 898209  1267439 667467  1678326 608155  411411  1824195 1048731 1553409 310949  1304508 678000  1430515 540523  1525448 1019765 19793   892391  973233  652002  1086026 1591191 169218  1285366 927038  1283152 1207525 1602434 1013469 645341  1178733 1807678 1912780 1846200 1422716 561647  194323  1287624 1506378 1643733 1494573 851598  362445  965800  1288121 1783893 1881565 1203915 716996  791510  1751917 1699022 423413  1921135 921101  1350452 1140999 65338   993598  195180  710679  109043  43571   664171  1955244 1362287 1121818 86279   586623  564908  1626012
1622137    329542  669769  1429522 915361  307451  124484  7744    955371  915995  1572250 692113  1364904 828841  1117140 1459065 974212  559168  169339  692868  780208  132085  231670  735642  844640  112170  95949   1469291 390338  514561  716673  1308081 1069843 1612182 1341207 588807  297497  69294   596552  1478608 1211029 772405  548584  953797  204849  43588   1016465 1179062 828496  1185804 249793  1608705 1543630 707203  722210  766133  1045113 1043900 613287  1435451 162064  1555701 1121396 1231907 1545746 1066206 198577  446846  1135500 1020869 303317  724393  171138  851902  281793  375987  1121230 1298258 158652  327589  861926  408445  539897  783419  1115648 1487848 153155  538625  909611  992183  577679  1297415 925747  76938   1132925 1075096 1368884 1557242 1521943 882248  955975 
1280943    50184   1026346 418420  573517  1058828 328484  461868  1211619 205855  1068219 243585  1065263 1165174 1091935 1040020 243755  885476  1011668 1272875 913261  1018181 1266521 293777  458625  395893  1196600 604196  1080704 1070520 294503  125441  497524  697669  1201624 1071041 1133317 906929  909730  440813  1112784 73826   684399  273924  615821  495391  33002   859576  99924   421490  228328  1013185 158729  871669  26019   1275117 1267562 599440  1256133 444144  389017  927456  1227348 886542  344182  1148029 53460   854320  774015  340010  14190   605856  413837  698589  256601  1029658 570800  289603  1266054 47544   711093  871202  1060730 246642  461928  463569  898580  1106310 439829  873770  269511  828847  1178047 215916  1092209 899049  740766  522489  472426  233838  862500 
1355468    1351260 548670  139903  1291308 474101  246527  677371  919297  448269  751266  403273  424651  923727  923412  623648  1097649 945031  641854  290871  1116047 477405  456243  176812  148121  387181  694716  624122  917105  61921   709614  434527  57713   835948  574431  926685  887713  398622  1181720 451542  424555  577518  854815  426871  1078909 423     628183  821090  523118  1270037 689626  1216829 1325107 1145869 38174   117760  1110714 732890  319546  672352  372475  606824  684543  7852    87304   836638  934537  552681  1235260 760789  1004223 1237480 915972  503570  308883  639413  81657   514730  1038168 604776  429299  1305458 466137  1332070 673523  81975   1027495 428770  392530  1347041 678786  765005  176062  7861    772858  263366  844500  351927  816048  301956  690381 
1506189    962295  954679  1285567 830880  766559  709206  887926  648601  630023  1337259 1329318 863344  858219  901850  473757  941569  535759  1164666 1152489 1143075 400000  875367  1369261 1441628 282612  1355598 780587  1434013 42119   771694  970205  1004414 220184  749583  670972  1328610 294466  52709   471022  924490  225645  636018  281645  1425731 31679   1097268 861111  567438  755746  507411  546190  1155746 218455  409262  1433051 501068  258672  707449  428892  642657  314821  1399097 482748  876871  984357  1153720 699292  114501  42107   5992    1038991 609618  642010  156313  529160  673689  1253581 225949  76804   503138  1075226 622994  494561  1293682 1032256 763289  288561  126605  1470739 1059319 769262  621237  1294094 1252011 1498108 772262  1241408 691212  886763  119192 
1517009    413207  398034  285300  1242794 502824  913950  1020257 886880  975335  791872  763296  14010   1307893 455212  531143  664582  1127116 471825  1057558 357855  892457  319893  1002749 91102   34505   668982  189603  719540  406435  637813  1353852 819643  119934  122143  1146524 622759  120180  1250868 593726  179602  525732  441109  193612  917712  896321  724755  65285   1107524 1196580 1122844 549467  1173125 526824  636303  348314  561329  1305285 537917  364956  795808  1175731 802895  98442   379752  925038  329053  1002511 129305  664009  680325  308907  273828  1121434 1103615 1191540 500747  311362  1256825 91262   592029  1463756 640729  248145  1074668 1277033 596460  720084  149396  218464  1085041 945204  478282  370927  127733  858035  380053  1057883 944633  1110454 204883 
1672938    833894  1309010 117168  396806  907067  383605  174691  336099  824184  77819   297116  1066872 321646  225594  360183  1663843 668298  573932  1176726 1423968 1163376 638072  320738  493447  1633734 1053308 534679  1209485 92497   774325  181239  926391  979141  867151  1323198 782014  1250756 393695  13920   970747  471514  879780  933425  793161  1105374 189414  1352810 100734  763346  1425342 1524703 253784  390477  741247  1315976 920017  690361  177717  456564  782858  1520787 1206548 36312   1395734 400761  1359510 504811  547324  80267   1087475 413877  1120526 294317  243108  809493  1399691 432522  1058109 396231  91674   810514  247996  345459  96797   989243  557241  1016814 6666    734958  369185  789525  1151551 1575733 1394581 1443092 872300  1081153 843709  315430  57226  
1850762    1747107 1254796 34173   1439917 1766367 16666   342977  1845313 709947  673104  938677  448722  44155   896520  135061  1063680 1069350 1078710 1536860 1789251 1711759 488092  1479874 97256   1582498 105151  163563  154237  1320027 1253385 1562275 1216373 657420  996720  805528  1824059 1013386 1148506 1818610 1123605 1821610 906525  1572327 1266037 1203317 1707389 478955  421906  335609  1416087 360395  1447640 53417   1840270 945168  1036187 1345693 1108731 590696  814958  1762388 302209  180569  569046  1298929 386370  542344  1712587 935148  1761226 985431  306268  816990  107268  972577  169545  1814657 851804  591451  299504  417129  352119  1147416 470547  1592661 241822  907006  487864  750825  1497703 1302822 662452  1200184 883664  1231498 648352  670306  1174114 1761211 1605454
1542528    670452  933144  1276039 750561  298009  1298920 250528  473593  738002  884513  1440648 1204161 111909  96185   1420414 226080  279918  944194  931209  642429  1389300 277887  1179973 1116520 982990  684103  711386  754418  875627  519484  1046465 1261407 1452628 779976  184768  1465965 251697  435297  397030  989699  1035138 10479   366660  1147047 1364520 244546  1088455 101910  904068  477137  459667  750840  470352  1354969 40161   1453342 211872  751547  380561  802827  986360  1427026 521707  611788  379803  421803  535226  631500  857100  647584  78671   349710  373391  445331  1212086 195384  405205  473341  12622   1309273 950478  472290  232913  1136159 59      1530930 1046973 211931  739950  1427534 1014759 1441638 1027361 1251794 510898  1407164 131069  761452  496136  703498 
1431724    1316215 201632  229204  1156322 514678  1224904 219271  949700  1187347 579048  72978   351545  294293  13069   601308  504304  735139  899299  1058998 61497   716770  966088  1049790 518164  469802  825926  513410  530771  434410  46552   1046088 318901  350536  1275292 145851  865215  1170825 365122  383191  926448  1046522 558521  1277993 1340816 571591  549929  413396  1306730 17504   143022  38855   836627  1109110 1190998 1354791 249540  585200  538829  780311  1019611 687733  497027  1338512 1038270 340596  154992  471761  79697   520114  957304  1108497 237265  84101   1057118 146357  655692  175323  662105  633050  295179  805127  671906  1131806 584865  431180  1157226 834405  1118732 264331  285345  706619  952065  782372  715760  558611  1122968 870752  1132724 1305017 61494  
1539485    776422  948570  761803  555971  995255  241394  1148840 27742   21330   136800  1503382 918617  307141  781617  1036373 849222  161262  971505  136526  647451  394851  1307063 722775  1366233 304922  607980  1446123 1368215 967095  1254676 1490664 204033  761688  810909  760004  217459  1150230 369360  343128  1269488 604087  307026  648620  1009155 1186570 243436  318893  1445759 1214941 553346  553725  168234  320924  1374428 92910   723773  540850  97475   552503  1507945 1352151 601609  172493  574355  1510445 1030425 889741  1219118 1497712 1232869 949121  660241  410     58256   129911  1284908 301692  546731  1191182 75075   1100077 303350  341237  1518928 138293  532074  703216  679143  629549  1353646 745530  442216  513697  918024  1114498 582585  506891  464754  262218  465118 
1391413    390158  260117  1097343 1249202 1327554 196090  283313  167782  653474  566888  602631  994323  599730  3701    991240  701502  1037585 616856  141443  380971  1334164 1264598 1096077 827258  724139  1116655 1338787 600848  92605   1143315 777277  1340787 12019   1341231 665188  806184  145908  415112  973966  799383  448611  185185  1260317 1048342 1046910 860145  1216455 693082  943612  824509  1074053 352974  697694  245329  646843  888444  1361984 60828   955903  921201  1204143 341768  337186  1216162 291586  468985  630934  437495  884097  1071511 703489  1332709 723307  39004   456249  378804  365760  281291  1071887 1309373 572412  754527  1128958 736717  999856  384389  233749  437039  445217  1189652 1358240 1115972 140007  304013  940721  1289618 772999  1038266 1193724 1123707
1101559    350256  284254  659216  995553  714329  324391  954608  586481  186813  837859  810613  300203  1055741 1025479 307229  303862  295416  963747  974091  484430  671834  692391  329873  682990  935256  728876  698569  999469  519807  584520  835596  324906  323617  393253  218901  492790  172487  71950   1079271 359300  364652  243168  659504  318834  723490  966733  77540   1018907 283764  506474  401778  410441  653708  731651  1093431 1043807 915371  145285  941717  890021  184648  675754  669771  508265  523851  888672  455898  151181  415465  990012  510482  234960  131621  624829  8637    309955  1046405 642579  227303  228610  47494   83924   93894   156045  270418  642168  98294   84230   787453  494854  429095  426944  625452  1098866 935210  47744   340822  845951  198925  211130 
1265268    16147   1177034 62595   776278  877917  364009  137030  1090364 255252  206212  789691  1026700 3576    676138  358777  595483  277346  750067  1095763 189090  884432  653901  911399  1258826 1102265 217589  677404  286878  643308  539059  1187675 659455  126973  1250271 170466  1004891 25160   1248912 829987  280413  1131273 354410  983261  1134849 706696  1018186 465064  660190  179134  1236976 849281  739714  301757  171560  733273  1080170 65298   1086825 101780  708606  36765   24188   102793  163738  950607  1214675 1168629 651915  874468  733348  608476  416621  763907  326470  286202  205335  1020804 427415  865526  1199938 75271   125687  674385  377028  1238663 1083806 1133346 38693   581511  911274  747299  618276  935462  526241  782015  296949  151796  685376  948865  1026264
1550046    247577  73611   1330194 1491319 1427568 938929  1440746 1013487 882471  465462  900472  1406880 608179  781100  1178064 602067  968318  1515461 732763  218040  1321065 1437313 898473  1326944 463362  182284  248740  636517  1252691 277689  507092  1500269 351300  1167348 1441542 1108930 556231  1332242 572371  768765  1127767 802905  625599  185900  33959   1133725 118030  332339  1099141 180855  550380  200222  948230  778915  1527166 741655  961199  1105968 1378172 1543953 1383657 1215326 1494176 1065020 832628  715734  623904  1388859 1378039 526338  607578  285822  1329243 563240  1351830 693265  146919  1469860 355666  576122  980777  236108  776344  378962  1015023 83526   1120617 1306285 1189495 278805  1300192 1023106 1494131 574384  1418188 776713  1290118 492047  1495634 448173 
1959190    1069973 1586355 1828268 267963  1144562 1894365 679738  896582  1574828 1243945 1768348 868794  1923013 434770  638000  630578  1111991 1288311 1272087 943158  264953  1844157 1291087 456771  29882   1811282 1682661 658543  837064  1229235 76618   1695629 856400  1904886 1752184 1789554 1840062 472733  726947  1244292 1505270 536105  153896  1469093 759467  580488  1888263 1660050 1657391 1201160 432610  1922344 874720  1723697 208517  904602  1364381 1679771 1563145 242255  949816  1428355 1726477 1594808 1374051 1519471 1425173 1043515 1780796 1940712 117209  1326876 306219  59698   836780  854278  640186  554445  343730  126980  1755606 776340  1837916 671136  540847  87244   1364330 1693820 1555607 756877  1936075 334825  226042  1491954 1718225 1600093 840828  972800  684419  662434 
1773771    1450248 391853  722904  292432  416359  1308914 753569  861251  1578901 26096   1011622 390397  887755  1467898 1454836 690949  637356  1301142 1023388 802166  237849  187431  757817  1387792 386495  672257  1352810 1159423 1497    635792  1655506 1451745 1027645 604639  1744178 1444004 692816  1277009 1084517 1050979 1303105 322369  1441377 417089  569529  1122442 1661072 1206886 649814  910689  235281  887663  1651154 1546132 1054717 816911  444618  633757  202563  446115  1269549 637331  677122  1076456 21233   647529  1299722 1267082 150767  610468  544290  233134  932837  211896  650224  1502367 113601  1090558 935482  763415  780509  1723796 430340  657892  275419  1485057 254065  720037  898076  1009662 1719185 946887  1646993 622537  249572  447488  49328   1549294 1714570 753129 
1647142    1300083 1442599 1108228 1593236 1519705 544966  1197426 1059835 1033959 1031961 1060306 677635  433829  249992  431098  623647  837608  1590085 739754  1048896 1470844 1542643 335490  1518333 483448  621593  1413031 1354226 514142  367299  1039523 556603  162756  500609  892218  424840  1435096 442502  227053  821913  1474464 1287359 1499548 261151  279730  283505  1274318 1506858 226448  756451  1298132 439670  651952  376000  700382  1524920 997593  466271  1232004 254114  833570  1013905 1200237 1385846 256893  445313  163544  44847   1277336 390598  1256280 1104658 420335  1108687 108187  1089585 134570  1382506 949301  750538  491815  989811  1579728 1533287 1365812 632968  153443  1105783 1099239 1385448 1359897 675187  1141731 1302513 413892  1398624 100684  966956  185849  120398 
1907197    1715520 1853314 1693001 5874    175388  542238  786209  992101  1447381 445891  311963  1077518 1166262 238856  1502876 1659116 833979  447504  263667  1306767 374631  795692  635353  837961  1163520 1201271 1153018 1104734 352997  1622950 887118  181494  1589242 672922  207542  1764630 1235334 993751  869708  775518  1439642 1181671 1853037 718881  1440701 1468890 470800  367483  29371   734468  1694425 424177  1550334 442755  1262138 806657  1664200 507959  24368   110000  223713  911486  311668  1812955 1604582 519210  1690562 932720  1512961 653073  1728412 1065580 1854918 1694426 1784462 1388422 1256120 348065  1776079 1305665 1102707 1563307 1729842 745844  119039  1084784 1572675 1783240 1612917 1597044 6217    1856804 621507  317886  1762562 318893  857270  1566101 1251613 463035 
1952628    1190116 87757   213626  1702432 1634204 950712  989717  1469037 356235  295513  880842  308725  1290315 64016   103413  1083204 1222382 243075  689095  123695  789034  774091  283653  364722  1062046 1363191 404235  389442  1781661 617573  486293  1426301 705330  1107072 1583257 794059  512308  620346  310468  1275695 1323012 1598462 1584421 1067851 1662478 142358  605579  1339385 792585  1294674 1463080 1581619 116137  201257  1946342 1585336 1564448 397949  22150   1800633 1015522 915595  1274307 175376  477191  1312088 969435  989500  386959  1279903 312567  1709971 925738  351512  1232346 1042740 493870  1837925 836649  1286455 1179971 347102  1322599 1296109 955511  1723465 928817  567332  168786  1358119 822489  1591460 321086  551320  1766836 798278  1863409 783644  242302  297740 
1351157    571562  1120327 606263  1260732 599926  308893  567661  1233081 1214430 989439  587761  331536  799707  362928  759420  63794   1187884 8818    615727  373752  357173  874551  1173399 618847  315437  653743  220239  225792  1172733 1224081 1093259 393138  498076  1204347 1158695 1098002 162083  1231182 484751  25357   374289  1072512 356893  1173996 940266  621138  1237790 281818  629956  502360  655571  491955  881736  1333795 615627  701998  636381  835866  927791  457957  213615  174718  355920  711691  27908   1019441 1314518 1045974 404291  448112  576156  778580  1025449 437874  601419  614558  1059013 1344034 896377  1193794 62      200791  334592  386623  183429  455044  1088621 324635  1290910 665255  287417  153368  344798  148162  369884  1228689 672428  333245  923506  1076719
1553226    748312  1081032 785534  1400953 749736  904310  1204272 68944   1365360 1204700 1370142 1426750 983662  792912  231311  1282131 1321427 1544322 324835  1343544 47734   311750  995235  58760   139967  1434088 1234925 547972  1216461 224758  1496073 411547  1305790 1356291 887184  1130211 707376  538231  1199155 1147420 817615  90756   1020945 248051  883668  1252256 604866  651869  1243353 929702  1070098 365771  316136  512107  1052441 1084013 1020879 734141  78759   1312024 33583   649517  798255  414057  452582  132213  1544268 234642  670444  1190198 1382063 1488059 1280954 1477692 810795  611396  1176722 1415661 337950  1494759 1420047 1408048 935215  182957  994839  434430  1266971 1090402 243255  420414  849200  276838  1069931 94229   690896  597198  226442  681938  831840  1524797
1295597    675402  429133  819148  1220524 923536  1124815 1075905 366539  91380   1061952 1153166 938407  39195   1184746 87054   1260366 34059   99037   821228  758737  479831  520855  764103  602600  825317  847966  925720  592582  343560  263871  556592  1018963 13586   80143   264471  937122  525539  660957  8064    616919  1043491 481812  259729  1082686 987139  346783  368036  341779  1061998 509846  1100516 246232  1030701 1185200 169413  560421  737569  1095134 473584  1081130 63408   1030176 125077  76994   430901  1005726 334698  956440  987265  958940  277763  735159  761333  1153670 522248  452875  821035  210866  794654  587436  720712  599574  154250  455816  489177  323663  336818  547328  739378  810402  332861  802787  1161160 1074116 200362  296464  104826  535060  573485  1092091
1384734    30881   239887  959829  158501  503518  805757  666972  1288    808577  1175716 502268  54568   1340802 64671   631277  591173  250188  674888  488949  959494  421599  1024808 570134  739555  80967   541638  212158  734663  758622  52246   1213403 1028289 292133  1027285 1186790 1034437 448308  469028  1035725 1256885 498797  153259  165506  693651  217930  1035569 1284824 468118  325723  627826  281665  986108  267900  851799  340929  587653  247490  553087  176369  1244898 844119  5038    888453  1375039 1032323 929296  1024742 95897   13590   675734  206835  751173  828993  611127  60091   1046924 261962  198967  369094  826471  826793  650759  427845  1333480 356611  768774  536399  842887  175913  712768  703051  1020033 717807  206770  1249124 604182  1136066 889132  938866  3709   
1789798    657861  1133966 1439084 1568798 1414473 1161334 1310412 113425  574082  1128815 296250  1106176 1743724 979114  36243   1059248 767982  144166  1036375 470146  487227  17676   1474351 728197  1566610 1490514 248962  406981  617832  1314153 851759  1275693 658321  774997  1054693 556949  420485  849259  944326  1268520 462228  1240576 584898  690106  429893  895093  1749354 1197875 1039259 1269883 1668021 10640   1287560 1352575 738837  1338324 1327243 1261751 1745305 155277  1060058 807267  1430970 1718380 66418   969817  759483  760856  303230  1703809 239578  765458  1154587 1098428 1455564 1584480 203723  1689072 1266509 1516934 1169157 1418685 11728   666919  1255414 750565  215446  792859  496471  444905  1222088 1556529 1526124 863260  1759063 1592543 317231  1002700 837553  620461 
1258070    21835   609941  1773    196879  958411  466143  114316  72721   156533  134928  488994  366834  1210112 897822  187486  955067  492     582497  1248304 1110179 1228077 1045514 704832  874333  1201599 850739  199286  756522  416380  574671  1151949 438215  1226454 1153722 676936  968637  403638  833094  1041358 560171  968022  272282  968847  920064  1211946 1198175 658903  1254280 522602  649138  1106390 534451  478424  594994  192556  421953  187663  391842  1220317 645885  966513  1114197 1125942 976739  1051691 544808  687306  239101  119832  512436  799272  1129696 826560  551891  791690  780437  491996  234365  818489  1056440 883503  708651  374663  145699  45575   567219  567653  275080  959061  571742  920965  709346  427869  788837  428015  263333  75575   1157163 502434  237249 
1256966    996279  607773  41734   1224084 1030617 898837  248141  233233  932872  770135  1098962 420990  126297  471248  467069  972828  877607  774166  688676  947519  738453  608048  78569   608149  794178  560998  542302  467441  774674  625986  793853  1185233 1233759 835587  566632  1007411 1148704 814773  1240644 238890  999188  1082640 74160   539765  968168  541230  255628  588809  729676  358584  950609  211163  966632  1029178 233592  503844  333210  775895  385566  522164  816161  593699  450432  792954  172320  1017064 1214645 735304  1246117 612603  974194  988339  1109524 462635  271139  820726  1003865 1198013 823816  476575  299631  517459  102018  680543  960917  335611  1184388 708407  525786  984234  644851  84981   320967  1095283 292215  1164533 269661  249895  642871  258812 
1285547    1168868 879316  942039  915184  252138  981763  1138046 868617  1167827 596346  786183  963837  585489  4311    1005630 453638  291578  159301  461378  126592  117610  204237  981030  1179183 863221  662593  816474  303532  664722  1212464 1088789 548044  806233  125123  843070  1058371 1106886 695570  21283   369008  671758  807466  712687  1257247 811777  432770  1090727 1103356 592071  931947  609790  89524   1136184 970663  648549  713859  347709  179476  1017391 1012432 106393  200475  940318  292468  325599  497841  730681  812327  573253  751964  1181336 1245012 273883  608476  596554  465503  421089  401735  283312  393002  48135   272944  482526  1184320 1243607 1131075 1278021 305770  690394  389707  698044  176629  590183  352815  469098  295624  230498  1199779 1107951 183594 
1879077    831612  207025  528702  382264  492470  45916   103512  930100  206721  690880  506734  642736  19703   459041  1152598 1368068 285906  789206  1381476 532790  960911  161032  1003005 1422097 948446  705099  789137  1419765 1297830 469864  1149479 250365  978252  100468  933992  1470722 146384  1037504 823109  353106  150671  1329843 995842  170374  211170  570726  1538442 798439  1359933 1342205 1331229 743130  1503237 756521  587514  873969  1762983 1376651 716020  1181736 268801  1865500 1733465 1247053 86891   788380  1140061 534638  248171  385456  887744  398842  1715299 305872  870579  348755  876599  831307  1147194 658818  294435  900710  1703311 219958  1657231 411748  1093927 1842500 210685  1809948 1145160 780849  218657  999548  450188  606911  210214  1590250 1141549 458385 
1457542    697531  1058004 729793  236774  817578  452725  112072  1447714 101763  1132619 1138633 69773   523408  1029408 94438   1179829 635251  1085633 685135  485287  411127  365612  1337607 1258518 679554  885644  1389176 1129535 511684  426240  425712  1209215 26703   1155505 1445989 844281  150689  1033780 310171  1185712 708857  1448805 1255485 707983  496389  825641  1363531 607358  453732  66842   1092646 340578  432454  972711  141554  587726  1334074 1006448 1192979 388216  1432689 161150  139889  1850    1316655 1061596 321849  943062  637834  632021  146950  822410  99002   1402435 1006111 595391  770534  912100  678467  699985  454660  313571  1040563 362833  762001  657835  950559  638533  1140002 685997  1026749 1115149 847147  642356  592717  181978  246410  390284  600759  359963 
1802792    1282035 586411  1372173 1751373 1281488 762514  588897  796373  901944  315076  1459573 388305  155455  180812  296990  266147  1751972 93565   162013  1623739 71592   1788630 1681140 1227034 718667  462658  967005  571535  832323  1512646 1312157 1755983 296265  881538  1346188 1219377 1644053 132293  212958  384829  88994   1314156 773134  244449  1494968 711749  510596  1444148 805314  314233  906719  876907  300071  785067  1745565 1018738 1247726 909778  1590274 1721673 619632  741263  1316488 557521  1622801 859884  1776899 1105686 633802  1631481 1490515 722796  1142845 102482  608869  835022  455855  761090  118002  1261169 1075323 1024722 1779700 1375395 1451413 1364098 232965  537971  471084  20447   456853  732341  403334  1414965 1289862 223344  113682  905593  970654  747484 
1149020    450010  768896  520600  422416  134673  415638  128351  819291  578417  435284  1106459 407211  647601  59474   84436   904263  490159  646548  55783   1120819 90137   180400  157581  936574  391275  579213  661200  529504  945336  550596  278871  281058  170472  834204  703474  305146  135554  831825  10149   713971  118089  1116608 1121182 800422  61794   91331   590397  551954  772611  646181  523753  862748  861313  681334  650302  138300  146260  197215  702537  1126328 747811  981408  258366  953016  701324  961840  143874  836879  644645  154023  436562  797466  121612  443457  448869  183406  534788  1073998 770092  158379  605891  144825  1055859 318185  860892  591873  491217  1041884 789088  44734   1019192 422612  1060875 128538  226608  613179  1090378 370482  335770  620735 
1484438    169769  265249  485907  909854  601158  1459228 463666  256031  85142   1111001 419840  1299244 1281650 662809  1166620 1073381 1312219 1145472 380270  459005  1431800 157648  821476  24048   121638  1092022 260068  361768  959062  136717  452997  1128831 401966  1437043 1052385 16825   425533  529751  272856  510675  156314  1190834 823619  1437964 369206  505801  40608   196987  664973  919016  1154130 612335  1076664 491169  1134521 212002  596891  408289  573770  71515   545006  40467   214047  1445111 1477510 280132  1461936 418605  809884  748492  929281  966198  454888  268462  1417863 824094  1272402 472171  34781   452937  1391187 1188912 78973   1481551 693781  1213494 209115  304372  635484  1281023 874025  1180490 1321490 1088072 154863  1314563 381905  132361  746868  1191789
1717819    1080384 1301914 350593  1002094 1305975 1566227 180736  556277  1369816 1431452 1582746 456006  1012255 262615  1060044 910694  696076  1574241 1671778 121274  443212  1242198 233229  927595  420834  979991  1581031 397192  1141166 748691  1522618 503732  122888  1663313 1295928 1218966 1511721 1476664 1565345 953820  980399  1430273 1409826 274836  1482990 752051  975632  461248  398575  929591  582522  841788  244072  605853  1559485 664906  1585844 1212799 1062099 1009192 33773   657000  1303026 156661  602494  671237  1165729 186498  430082  1013256 1140319 1410481 725710  832326  1475419 280983  1374480 523334  742231  55236   1243027 1114856 687126  1487100 2890    318894  224289  1378837 1531693 1076490 460312  1565466 15671   45519   1512230 408267  506858  960140  594766  727042 
1307358    1122566 302544  1164004 934955  908610  1463    868850  286723  102652  489900  359540  241000  898116  1048361 3407    184927  1158533 614551  725309  1234506 1002808 828425  1263304 321407  896434  1296597 1307145 353141  266566  1184639 1267092 81774   179825  321926  214917  286623  828935  1083768 573347  129776  771856  131075  370776  362614  377624  374183  1053087 228799  988734  471039  155947  1189730 497652  111894  709325  592274  606679  709112  945415  873245  1091939 103337  153207  1271765 930810  368124  251030  452387  650080  22565   582163  114578  153640  151128  982739  531264  525311  1234014 1265610 712234  397695  114199  1100152 93535   731639  502120  685809  536506  409420  829413  102393  194002  130938  761146  158409  1061748 1129271 914985  712324  471993 
1923161    1191473 1323684 1163565 335707  475988  1843734 1373864 1211254 443149  1294129 430922  1082468 1294605 1279766 988023  1437483 806789  652109  327109  1328439 813169  1525072 1400655 445278  656957  929945  751008  20242   1837620 645569  87472   1105932 733281  1251038 205668  1896458 1858800 1579532 1184551 1065977 1637689 379501  912473  1696322 1659268 1900496 1897834 1230085 1316634 301782  635363  206642  1826854 112857  1339109 1247839 1729991 166957  1268081 408478  812526  1355554 1514411 309835  1370620 484107  283132  1306259 140478  231711  1136264 542195  1298402 125576  1002545 1721698 790101  977218  1028622 183574  1279000 1663985 1077405 1869882 540870  493353  1194560 1034890 660310  539481  1443368 236864  659063  1721807 546699  106522  282753  1517020 176809  423231 
1996234    71107   1928487 1200306 422745  762106  849413  135881  1045268 787934  658548  523417  754246  653269  623127  1554568 1282068 1840377 1832181 1198512 419724  398307  1375715 411278  1386100 1546623 640958  1054439 1239529 1169147 829566  207904  1240254 761820  1408210 130901  1523926 725525  266783  1037096 1513459 1389467 1560513 271471  510639  651543  293941  1792707 495686  594025  1459121 915410  992332  838602  1790824 382198  853128  899684  1900773 96423   72597   734106  768463  1776987 1495926 644575  1907888 1487754 1370100 642573  992752  1351461 499943  1021168 90834   1010582 1672711 848911  1271191 636299  1442936 734078  19611   903170  40583   1810435 1749505 1357847 1178021 1654044 1454270 1250618 391916  226499  1031371 355744  871074  1407161 1843498 709076  517637 
1407369    1383119 561972  91671   363769  461723  348589  541851  1270665 472045  314627  39232   22119   496374  1197339 782628  733652  1372650 230230  993610  981384  27044   613998  746822  704694  1383233 1045336 187326  751348  1403015 47416   61102   1378765 609388  152773  335165  1232557 662808  1038463 1095853 1296299 1353090 1135086 1318418 442095  1086502 855123  1337194 1051784 1085353 1084881 787245  1112397 291510  288145  571168  267374  1333481 758495  1180169 1329128 967357  1241271 1300524 330823  148122  389767  156011  810930  20861   5942    861307  1373951 1141028 933802  570123  820161  381557  661394  626022  220987  338906  167345  87462   791863  455490  658630  1220683 381602  171202  993483  464807  1300006 827386  519409  223460  1136954 909176  540917  701961  1091483
1310781    575518  663529  189825  516069  1282466 67121   1109886 1309982 177687  186682  675506  1123527 495478  1053645 1029612 1065670 811823  812857  592844  592685  962886  1041856 1208851 338104  1034619 518389  688408  789933  700283  1242207 444740  851431  170585  210196  943130  142271  277317  742235  1027883 30634   504548  392608  1154162 1000026 135473  448623  754915  522926  1261480 923390  1115611 489216  230095  1013682 402950  1264715 221290  1091359 319497  497203  598415  764237  924265  769001  974433  556614  486902  827380  874480  1090415 433645  68247   1058653 1163437 643903  769756  301279  974449  1292682 251979  162688  1097513 316825  392783  376044  719775  1233128 172964  75983   1128255 245798  674399  581712  1170063 1019030 1131775 1302307 1081562 224005  441636 
1100693    522363  509892  1838    740069  1045737 666216  715961  12755   117689  799212  807900  550157  539385  728070  1079649 790255  945723  821352  969433  32427   418064  279274  396324  782565  1089739 23199   1046371 205717  716293  318240  602036  106358  828132  603875  846427  741571  169398  461695  722721  287087  128610  429928  805640  636390  25701   784596  294347  939819  473650  163088  972246  860109  442362  236273  541981  399804  259472  456055  573916  944160  742690  75260   1050518 438524  679135  796252  47798   816928  125649  770519  1072410 222654  68150   777357  859045  93851   429656  52699   1033670 871701  184182  873618  631118  626545  1078286 40801   994744  237065  465251  467967  80532   75643   511622  1099445 514168  58459   763399  561966  875387  889049 
1473854    402374  1437425 582806  275235  1311790 937712  1204367 747122  1042818 1311274 593084  319350  742851  320728  1365651 1414975 432976  553496  1247279 987357  454742  549893  849309  1320791 215935  827648  1015799 904533  774471  1252856 294112  1098475 1216428 876918  1373711 975994  262407  1104224 249262  1226855 941644  763977  72351   132271  1084705 1359633 73393   1439312 439275  1320672 952815  894017  318341  249900  662584  455907  1077548 126160  1360440 378166  1379016 180698  1398271 1043220 979247  1298128 545361  1241654 850129  716253  916285  239549  6376    988637  371821  1091082 874416  445214  1056540 1235321 213662  457131  577114  453633  707031  1239699 909540  310726  1365859 796127  610522  1192651 898455  534939  762018  403848  280844  1307379 93278   1130973
1768369    920968  1658297 210135  289594  1200285 710902  756592  1192037 1283290 53092   124974  1191040 1215393 264902  760939  1199947 957946  1497911 926610  1029124 150421  389263  1680388 605718  21823   377253  604831  1709404 23471   462753  111539  260757  1437368 1406361 550351  185603  348894  623261  1377640 948502  1761040 1502615 371173  1208064 1083835 448431  639643  273412  177973  882571  618855  328395  1271834 530874  250431  609975  224445  855262  551010  1332603 634333  1747237 1593360 1388019 701547  1460029 1573622 366760  1399608 1182894 1315262 1392279 233458  1002754 831975  1317293 767503  787936  1590705 261794  1670507 441191  1674876 490291  288383  156938  1100266 1597516 328518  967595  1161750 279169  262781  303060  1667189 280646  1079407 1472442 647406  710647 
1511387    801991  928936  975654  1176531 616505  571174  1469817 901026  1316431 1405298 556346  158790  985493  1139073 176699  859014  597060  124166  1212866 1307122 1178680 1296984 1124719 1366569 18500   940391  1414349 905790  502929  680161  998525  1502199 294989  660072  1167343 1108774 1231246 1125773 498413  1233569 1216964 1252038 1392360 888349  879724  57672   235976  162677  181838  1448842 155691  46410   1431719 1280411 1412980 1450219 906694  1315942 1041901 1409623 681995  529040  1400436 976984  1386391 1056392 771650  1303529 868058  1270064 1025712 770914  1010715 1103964 147876  576332  1161636 581131  936288  29366   518587  1091979 75776   636198  1058282 174648  575030  453589  176482  302824  351826  858477  1029143 438154  521354  904147  180438  1490283 893568  1048496
1930471    829683  1910207 1267720 1735982 828579  905079  219969  1663846 1283085 163829  217177  1663380 353569  172410  590749  14979   917873  1698264 740903  1028709 1227149 588324  391968  404178  869675  1096381 1925185 1169822 999161  488729  203264  1828844 1599041 1470984 834460  497149  1576167 1054429 1361099 928781  1218259 1578276 1792266 771932  950790  1583119 786911  1068768 1350912 727918  167006  1778166 516347  1689550 1382448 1386022 55564   1377162 1755948 1054725 1065996 28742   153203  734566  699830  987663  1231715 345527  111621  1792919 474412  529984  1440724 1466782 502020  1591619 319534  1288932 729916  1670447 1216954 896922  718246  1733301 1786576 170223  388957  1842141 1547386 214434  966395  682911  243176  319702  617581  943007  1307365 1849296 488638  619091 
1879054    747489  1625949 342723  1395628 1683925 765792  1803995 532284  1537112 1576081 1122221 1816431 1635280 1560804 485319  669703  1585175 704852  1085276 102169  904060  1655380 939055  517966  211614  834415  689530  723469  158531  1097607 859396  906020  844503  1202119 422594  924448  363931  347536  1731806 297063  319637  1250047 234440  75864   931797  719759  1020641 912992  1699685 226863  1015162 724692  3189    350237  1242658 214803  1459726 328208  938272  1618257 1425816 1797668 920297  666339  1395807 1342892 1865861 155758  86448   114633  452821  406085  1364680 687262  757023  692498  1682095 1777664 1510    1502727 125473  1016672 623439  403736  1641983 262117  618539  1222655 590325  1831886 961858  412161  146520  3102    1353574 1542328 1621068 1340381 94106   103536 
1695379    1359288 687774  670055  736552  614250  1536061 1235561 1011414 1057768 116866  689575  679835  1394689 5000    430451  529057  1480350 12698   756678  446084  654875  1466393 581364  660476  1690073 334964  1198245 41329   502439  1474216 1036718 727893  1028157 572939  1464445 1642407 975166  1566172 1519987 899100  1683039 1075728 1578935 1382349 1080729 875553  777573  1427245 888251  400417  177950  409292  171431  1320859 1069769 166125  1655824 1134180 207455  1024429 1474563 110339  618488  807341  683278  949099  754369  1658444 819892  1140522 1423710 807552  520872  1307267 1056068 1601601 1048986 699807  1333467 803403  1100224 377583  1212695 1271655 3063    1148630 1437781 525053  587432  511402  415648  366616  1183286 1034136 1173957 732730  849401  794492  1257340 1669294
1672767    1373201 760310  1510763 324023  1492408 1434800 1060609 272279  1521373 1617364 426446  105727  381604  1510325 58770   175598  276656  975000  1500261 1145574 1270187 493276  729139  1034296 916761  616781  575328  372348  543660  656985  1469569 244094  93708   1656745 917298  1586117 95192   305140  185629  1616565 598918  961256  398706  980522  798814  457476  1505300 1075470 108889  1332795 548277  1379076 502484  1626596 1089786 1419246 570610  341527  468007  1463450 998512  264809  383957  1092220 597968  1301255 1354750 693160  282809  1540380 986138  881727  828869  1384844 538662  304096  518733  720375  55979   627623  380403  953436  683112  882888  907265  100131  978547  154288  441658  1446554 1617738 116583  387777  678108  1557984 985745  306597  1239967 6138    589406 
1517926    202875  590280  334107  595604  1036501 564017  797392  794925  242083  555948  464832  512766  880835  1056736 455978  620443  107971  1038474 53039   125949  558420  1441574 807769  791693  1515969 1198803 308570  131222  5711    578929  1207648 208587  1169209 405472  804191  1069426 969489  465299  728067  75289   1021248 56615   588055  384157  1113351 1044034 1386242 85038   946224  302997  210988  368361  226646  1018757 1160054 606331  1081277 332340  1119195 1468630 911269  808918  159291  944194  78106   1345124 877336  1429237 674140  87477   1504526 177462  144093  574656  943261  121160  482406  1193219 206199  292346  359933  798829  660707  968221  681302  302835  56626   244653  1016817 39538   195358  410160  848456  736291  218070  1308204 945132  1095406 1219515 101346 
1522040    547736  1223648 872377  224720  1187097 512059  821498  1232370 351432  702304  1481225 1483215 1045554 890380  362186  603335  633523  622875  61087   175267  755703  1247973 903597  6161    5574    381211  1217883 923398  1045336 1129165 1150734 185824  830773  615863  410544  610622  1242715 1232042 435744  72107   527099  509722  148075  50613   1400102 510261  768740  626377  1247928 944619  916436  596384  670553  412785  717337  790919  793996  413180  307069  432085  20305   50556   617909  965870  666419  1143246 54452   387094  853248  604988  573994  1495139 1114710 722069  23712   1107565 1347122 792453  211902  1187802 215032  1243131 376938  1000377 133876  1094275 269256  1042665 1507455 576326  1474750 120512  626882  685411  1201174 1408093 421409  1370418 273148  1389450
1516683    682718  606560  928638  764242  559980  1124861 1117711 461867  1018291 1237712 247035  979795  312248  62864   924872  87397   716066  793248  177543  566787  1493528 113961  403582  11452   339056  1457660 909634  390348  324014  1087750 499563  1146212 177628  50999   393771  877088  1175860 1511482 1338955 816948  1371991 208787  280060  167556  411131  1344413 254954  1266678 620978  432497  316782  597824  685938  859845  748756  1024994 800822  281187  38140   1264316 1508418 537703  893845  308843  588702  1287616 1185931 387360  1421895 1147683 1204308 1277203 1495950 107166  67557   390399  74376   322511  279874  695354  894488  596656  1432658 203223  79298   804211  1367698 1019600 1085399 1405838 767233  1216614 566338  283875  8774    1294521 194288  1334185 304678  238980 
1814372    294430  848340  1140408 809498  654615  1613811 809709  1457842 467505  1490425 1359910 921262  814072  562544  1183946 1252219 314565  1666666 1103985 791599  1269671 73137   637708  923820  911003  61022   286947  154225  65631   549047  840080  1092861 1397387 166116  87988   970430  1779928 1630497 1346700 433061  1306550 892238  272751  306251  373210  375126  476898  687776  227420  499311  397803  1497091 1305248 1768311 1339339 401879  14961   544715  1288904 813392  1093762 1047412 91882   676777  1213528 912670  565635  97512   728795  97963   1263374 953774  1723001 1536125 178453  281839  96879   655351  1702415 1057099 73090   1018647 739819  1378338 972586  264786  698645  1720348 809501  905977  719368  821691  139017  1544050 416896  270973  642348  982531  368486  1371144
1974734    499566  734684  1056997 1449159 1540631 166009  20149   340176  791186  1191650 238950  1571505 263173  888350  1971514 527724  1239123 1675598 695541  1072956 1932360 1572053 1862281 1804017 990009  666850  1763387 698933  109696  655661  803065  1636206 1390345 912273  1110632 956242  1078282 1130781 348628  921678  347697  587578  1545394 1637815 528138  1542174 190805  1767261 295248  1913290 1892427 252874  562819  1779974 82157   605039  1499035 897755  1303972 660941  605626  1159247 322414  21238   96786   1433046 29690   227278  589093  378319  1148957 1963734 18107   719617  1626815 1573190 1314001 1817620 1365717 1609249 808387  1283411 914333  1371206 140861  48701   1511    692106  1973400 357693  1353048 604292  569151  1675462 1652474 1692881 185984  1682165 1920160 1802021
1067529    858437  364151  976845  426880  454382  1052380 388452  632070  850843  416401  824520  126721  785345  174751  1040059 122913  569696  442025  353978  515074  21831   563656  235889  323270  221931  102681  933595  420358  980671  690808  75038   771579  1054959 1051884 130930  826512  1036735 904082  775754  137220  252954  532745  648641  355471  707496  1005872 863084  594364  765068  149534  426609  786899  713190  662498  427340  252292  82350   293406  672651  1063022 984214  64860   84243   288815  433915  215174  47799   787822  436427  823553  242213  689382  288769  890855  362024  313437  829198  157579  224972  911437  307113  651581  630807  1020303 631250  1058147 205067  30771   284024  194889  410964  585409  259749  495208  874224  693665  27553   922023  798658  463980 
1273011    629907  210271  381150  63068   878586  1001890 1121377 997070  974556  118922  850259  909894  139182  865759  522713  827496  1219699 169001  1011962 310009  555531  169794  405407  488039  545873  339869  632085  1225353 933045  596112  583783  289942  806384  1050842 353010  411959  779721  287286  136018  481266  492117  1072187 118149  631300  664935  726771  185785  697532  981681  10646   1007541 350110  266349  225846  838149  812222  565716  197223  764565  225750  879245  161246  515692  412618  1212088 954612  910486  718798  54796   1132414 12962   546913  931590  217020  1264122 409423  943791  262806  1106955 652461  273452  927394  1002572 625710  1153240 567710  250831  445945  850843  1015396 757605  457077  1262551 86195   955604  1201628 1040807 593079  733324  1181512
1550376    551337  1103277 768227  412575  970633  1039555 443136  1060453 1253431 266995  794290  1033650 1472008 428754  682628  362470  806833  433030  1153635 337611  1471999 1371837 1314268 1322438 419871  989670  693113  652638  747899  514669  387615  1299236 1405058 942954  161435  825315  432134  391683  122505  1472677 445790  703907  955952  367423  1132661 1425692 517005  389118  308346  120264  726729  17082   1279213 490621  1126632 148708  1267403 269369  588458  464926  784038  763185  898     638720  1493252 1499821 1251148 162122  341128  1373653 84423   574031  527184  827487  941454  1446958 702803  1458459 285700  798262  1365835 1012430 602456  1094672 1290163 178712  1030492 794303  448081  1406062 1046341 1019232 618872  1047240 107576  348860  996685  1145836 510982  1124926
1707899    1252066 74705   1169597 1275827 959081  80073   736614  926984  607286  582368  933562  793191  812698  1425052 1107020 784865  317757  1014978 1399898 1592177 884096  1266761 1276709 1600178 25192   291166  1603045 1379287 48129   871291  892126  645591  945996  1407118 1266813 1250472 1487191 295528  469557  386579  223292  748514  525165  1035990 465667  1632185 1166251 128819  939264  858250  13097   1168756 1470406 1289807 1061035 840993  1580973 301576  512381  1629103 1172867 1404508 1620089 410964  449122  1179003 1006831 228415  1474531 1476388 614994  1043218 517003  485554  371310  328065  409841  1537561 456884  694500  33307   469982  155357  849108  1105184 561788  1035496 978258  863364  1547878 244857  328333  589882  157047  84692   1039004 1336050 1091524 612814  448078 
1784867    634899  317011  1497040 1043486 20322   1072772 998885  947627  582323  1337751 1592185 617954  1125616 1175437 1070951 1704751 158051  170353  64743   194026  897779  1014308 1676569 1720536 101830  375578  360289  466274  1171535 1639872 1341885 1517787 172016  1054058 487759  192339  53317   1486644 851319  346993  1039529 658638  964947  91631   1545428 251031  1507735 1414832 132737  1572478 1320211 741869  513273  1211913 677539  615103  1587492 749181  1081377 685513  604186  349748  418433  487555  1115160 906193  391247  1168477 319323  953920  1515470 1358852 1323911 406903  1450483 1084472 369287  1173351 714438  213377  672316  249782  955247  1185589 1173049 1632786 15825   687027  308453  808555  1372540 912639  1158303 1502326 1111547 199949  623652  1214148 1368426 654329 
1458030    672636  419960  805575  324372  323239  979268  1085916 881106  1199119 781609  275241  75696   1454896 692727  62693   931281  702483  1293277 1167009 1419926 927365  1288009 192572  150456  795555  1152399 1313135 1419911 432220  439483  489077  1104856 1053985 31164   165741  113736  1010433 1251657 1189385 751522  769778  6596    827218  961186  699324  1084453 628979  138319  919700  337958  294758  583577  167937  681872  928576  1158035 570783  783681  1314458 1003003 1417706 345506  844372  1013661 376670  1204655 1321940 123615  1192824 1053295 875138  504573  1254433 438868  202271  690269  65292   831251  828589  1179534 1363751 1317889 305082  73659   736273  1233658 1231694 1307056 753851  1088122 1046572 713527  170140  432914  463700  741353  374081  522152  864968  108875 
1992557    414024  1546028 1804981 1224432 1360435 578090  992173  176855  1159528 1225727 643211  789673  866962  335657  70436   1965352 667639  193128  1042948 913807  286160  118928  1759188 906056  548663  787597  1655104 1861367 1268833 612374  1352738 183098  658644  1165162 1407530 26522   243493  407146  696175  1895820 133115  1339386 692936  1000077 175285  1256171 1465671 842924  1449299 1008860 256972  235700  1127789 516402  1634554 1676452 1303999 1297101 45503   580275  409716  1398241 1256172 1561158 1063644 671145  1587680 1799936 1571090 784096  1703199 204446  130926  896376  1204523 799009  159990  677637  142174  109530  1686498 399147  838028  1314528 915549  972823  1491221 226991  277367  1536724 1300065 1179882 1435207 563680  748483  999092  1727623 836405  806471  1798954
1123724    608832  853664  598224  1103617 291498  762277  903588  601110  803300  1097287 1069774 828402  587764  664183  127992  675739  54711   368045  1053799 36587   153812  85904   768740  384507  422291  494399  822682  784976  258303  514410  154053  820051  244351  705194  799944  535849  343747  579809  1089875 23323   506288  988842  804641  1046968 529301  932633  598983  536929  129871  481975  526432  236599  567879  171448  621107  943086  618763  272981  604338  829982  787391  758392  526310  984658  339862  155446  349699  636525  688171  268767  612765  70735   133885  246598  1070620 616102  8424    545879  1105947 138295  980770  508655  327810  424926  633019  901833  244288  80975   51090   848627  910957  791398  436211  266459  605248  728989  421906  907864  194706  1110077
1234283    168398  437030  584867  303267  48739   62335   487766  628845  1148978 877896  183463  680450  436188  694679  1042929 778207  39284   626095  346997  735533  675693  159457  491725  464233  807407  892261  838471  469004  154527  1212372 1074119 491697  415119  593475  963736  632630  655810  385991  195965  739277  198376  379428  354217  634565  8596    162863  178489  216652  957730  525486  952186  399140  684944  378400  1032145 426840  36379   636333  895844  359678  614423  904452  1020147 1198314 263644  749601  765434  1088226 1135592 961399  761993  99686   275316  1116210 734251  283912  44790   1081512 500564  1171292 541487  387239  336149  160920  765640  134012  756532  970791  939117  418093  264958  488029  257034  219594  452061  689450  969195  1217495 543394  1039277
1087314    947380  599841  187782  683223  351887  123464  572940  900197  28056   106647  411220  347386  883695  59865   719980  678060  234936  296283  26179   74127   601404  491999  637929  356599  237831  38415   86372   85223   1029123 518130  837156  889189  1079473 986440  485098  344046  22590   1019540 118431  12149   38873   529651  321037  884070  551018  1041017 474817  785955  211488  500996  860082  774394  954497  410697  43679   105015  410614  130051  151740  352423  609683  950399  154298  601842  811027  639396  907390  795120  533124  1025821 807269  571997  429661  40992   330256  980679  1043511 805073  679320  129187  180257  452088  903581  47440   824288  908762  113957  147588  1000316 227200  500012  522685  51787   654310  37214   862814  167895  944604  532122  662521 
1547398    658093  484353  534927  1413609 592269  998598  705808  685508  795479  776175  1000041 381989  1117496 888381  1290277 1153927 1479119 55446   570515  561643  487988  927346  747434  1439822 1388148 1321896 657701  1336193 814813  1234055 1296531 1472906 171010  284060  1339118 763279  1282658 497528  206165  835515  31082   1510982 1522281 1453354 1156741 22538   1059883 1393238 77984   83000   407483  565972  1010347 1154917 763173  1155873 929416  178252  1249444 501607  169685  998577  427115  340695  1282637 523611  1408750 1322674 1325916 372293  915567  1356998 335877  1195226 20332   249997  1217765 1080216 95837   1295749 1467992 503321  619100  1235717 415616  139651  844193  102410  317903  851015  604017  487589  302195  1031133 1133060 342210  312122  1299189 422262  90640  
1979827    745478  266210  517248  484781  438580  788306  1048368 465021  1781903 297130  818114  712857  706322  1892575 497908  822923  769414  1554100 213487  585164  19655   1129597 806438  1360174 1550469 817617  1263549 215653  875945  1102160 422062  1621423 1368370 939310  755025  455770  1727616 1803393 920791  178513  749343  387726  891370  1455665 300474  38098   927408  1698535 1592199 1140896 303872  1611854 290666  1110311 992201  489955  1927928 904570  1334255 824046  26903   1756318 1094290 44094   715801  1849315 499864  1092238 1672881 69476   1270751 442398  457202  182294  546883  757676  220393  1474292 476384  1812592 1264008 780256  93439   1554674 539387  1714287 693450  487488  639030  47878   1940182 1294581 1804196 1054645 1338675 1168818 1552780 1838539 281229  1245834
1842658    1208108 907429  543069  1480446 511186  500065  1215078 978728  898108  1251456 692663  1228540 1256556 631259  446258  1068091 1076792 570437  1833027 551204  950473  886337  890018  393760  385250  818404  1745190 296879  957111  1100608 213804  1378141 1220960 756873  1015930 1732146 1256939 388350  868216  1367969 852729  773801  753851  266627  1405060 1200110 1334719 1694775 983469  1325088 1458901 1146864 1424347 1561841 1540624 1022519 537588  656078  1319398 1494699 1756686 1533202 1030183 347910  447418  203455  237398  1704357 1647385 318536  1229668 657456  1092337 1196442 137006  1710320 553894  1471725 775359  1537363 167077  391602  841569  804346  110785  1595115 1826865 648373  1464115 1303605 1355995 591065  207072  1599100 938976  654490  1802555 1176374 1571769 820204 
1669228    398635  756799  502734  99279   482445  642824  1426107 1469808 486247  1439100 155229  532991  561369  853505  1458853 847686  894568  787718  1293293 1042163 876771  388847  317871  741857  722105  194071  1366616 763683  162256  1538389 756582  1373680 625960  402877  616519  251965  1045701 1186187 52545   1531949 956059  207774  1208500 660989  1061279 998125  1508675 1099407 929404  1132741 472342  136947  665148  790214  878805  1387253 127845  576193  1294496 1102890 1258142 381851  1620130 1027662 1597516 567421  1279627 973989  84380   1332172 1649498 184000  683506  1188771 844989  888345  517668  1497224 318524  590632  104297  790867  727580  769445  724641  749945  1300258 852486  1326138 925527  286148  58613   450938  237050  1086275 379226  1617260 696675  496775  845200 
1771368    435310  791656  410734  265821  964717  1509007 709181  1454662 1470904 1139686 26859   1032859 1708170 1183997 1765972 698735  578583  1289538 1200597 1255270 1043711 1410458 250424  170933  1629406 523586  926513  1537893 1367418 890266  65956   1217096 1096290 476690  897285  289640  214330  1606466 1744302 1099602 389152  1185529 361093  325954  598158  355697  1024689 591110  1059603 453919  1260748 1517682 1278745 1511173 1688616 1136783 1449127 258129  903308  459545  1148395 969265  1676641 1659054 860323  802558  177326  489021  52025   1335996 1588623 441177  750157  1364084 181500  762684  1134149 620557  768162  1608121 488844  257542  1354435 1767590 1183083 1271683 547373  275211  944181  865050  734756  1506944 1248683 640030  1394630 337638  1442588 1571956 826660  908981 
1928696    1612099 1686111 1123078 1564704 672131  1400026 1334309 621840  1881628 628982  1069149 557386  450122  1355163 975126  326685  759704  1902497 1358098 727258  1762141 1763747 1865085 407539  1491377 1688428 1893808 1819830 140952  622581  1291870 908051  379996  486252  544059  1052127 1886278 1033369 828968  994210  1662351 1898117 1551597 1267473 1324584 1681723 749159  1239288 810524  1262257 37851   643969  1097308 1902936 206509  1743686 817668  1255317 789820  113620  1877898 152994  176672  1412895 639247  720731  1620022 1680525 909100  520294  746040  642756  1573411 1452637 1065229 124299  1205664 1814388 1363588 87492   1147950 1401439 731461  1400258 530679  937970  370248  503348  1348287 315068  1700664 1297490 468063  1877336 781689  262310  1753068 1556711 1097835 1817168
